Product Title,Seller SKU Id,Sub-category,Listing Status,MRP,Your Selling Price,Fulfillment By,System Stock count,Procurement SLA,Procurement Type,Package Length - Length of the package in cms,Package Breadth - Breadth of the package in cms,Package Height - Height of the package in cms,Package Weight - Weight of the package in Kgs,Local Delivery Charge to Customer (per qty),Zonal Delivery Charge to Customer (per qty),National Delivery Charge to Customer (per qty),Harmonized System Nomenclature - HSN,Tax Code,Country of Origin ISO code,Listing Archival
Ikigai hindi,Ikigai hindi,book,ACTIVE,999,239,Seller,20,1,express,15,3,25,0.3,0,0,0,49011010,GST_0,IN,NONE
"100 Baggers (English) (Hardcover, Mayer Christopher W)",100 Baggers (English),book,ACTIVE,499,238,Seller,0,1,express,15,3,25,0.3,0,0,0,49011010,GST_0,IN,NONE
"100 Baggers (English, Paperback, Mayer Christopher W)",100 Baggers,book,ACTIVE,399,285,Seller,0,1,express,15,3,25,0.3,0,0,0,49011010,GST_0,IN,NONE
"100 Baggers (Paperback, Christopher W. Mayer)","100 Baggers  (Paperback, Christopher W. Mayer, English)",book,ACTIVE,699,398,Seller,0,1,express,15,3,25,0.3,0,0,0,49011010,GST_0,IN,NONE
"100 Baggers (Paperback, Christopher W. Mayer)","100 Baggers  (Paperback, Christopher W. Mayer)",book,ACTIVE,499,238,Seller,0,1,express,15,3,25,0.3,0,0,0,49011010,GST_0,IN,NONE
"100 Baggers (Paperback, Christopher W. Mayer)","100 Baggers  (Paperback, English)",book,ACTIVE,499,257,Seller,0,1,express,15,3,25,0.3,0,0,0,49011010,GST_0,IN,NONE
"100 Baggers (Paperback, Christopher W. Mayer)","100 Baggers(Paperback, Christopher W. Mayer)",book,ACTIVE,559,241,Seller,0,1,express,15,3,25,0.3,0,0,0,49011010,GST_0,IN,NONE
"100 Baggers: Stocks That Return 100-to-1 and How To Find Them (Hardcover, Christopher W. Mayer)",100 Baggers (Hardcover),book,ACTIVE,499,458,Seller,20,1,express,15,3,20,0.4,0,0,0,49011010,GST_0,IN,NONE
"101 Essays that Will Change the Way You Think + Deep Work (2 Book Combo) (Paperback, JMD BOOKS)",101 Essays that Will Change the Way You Think + Deep Work,book,ACTIVE,1599,469,Seller,20,1,express,15,3,20,0.4,0,0,0,49011010,GST_0,IN,NONE
"30 DAYS Change Your Habits, Change Your Life ( Marathi ) (Paperback, Shubhangi Ranade - Bindu)","30 DAYS Change Your Habits, Change Your Life ( Marathi )",book,ACTIVE,300,270,Seller,0,1,express,15,3,25,0.3,0,0,0,49011010,GST_0,IN,NONE
"4 Book Set by Freida McFadden ( One By One & The Perfect Son & The Ex & Ward D ) (Paperback, Freida McFadden)",4 Book Set by Freida McFadden ,book,ACTIVE,1899,738,Seller,18,1,express,15,3,25,1,0,0,0,49011010,GST_0,IN,NONE
"A Gentleman in Moscow (English, Paperback, Towles Amor)",Gentleman in Moscow. English  Paperback,book,ACTIVE,2055,599,Seller,5,1,express,15,20,3,0.4,0,0,0,49011010,GST_0,IN,NONE
"A Gentleman in Moscow Paperback – Notebook, 2 November 2017
by Amor Towles (Author) (Paperback, Amor Towles)",A Gentleman in Moscow,book,ACTIVE,599,403,Seller,20,1,express,15,3,25,0.2,0,0,0,49011010,GST_0,IN,NONE
"A Little Life (English, Paperback, Yanagihara Hanya)",A Little Life ,book,ACTIVE,1999,400,Seller,20,1,express,15,3,20,0.3,0,0,0,49011010,GST_0,IN,NONE
"A Little Life And A Man Called Ove (2 Book Combo) (Paperback, JMD BOOKS)",A Little Life And A Man Called Ove (2 Book Combo),book,ACTIVE,1999,478,Seller,20,1,express,15,3,20,0.5,0,0,0,49011010,GST_0,IN,NONE
"A Man Called Ove (English, Paperback, Backman Fredrik)",A Man Called Ove,book,ACTIVE,399,390,Seller,0,1,express,15,3,20,0.2,0,0,0,49011010,GST_0,IN,NONE
"AGNIPANKH (Marathi, Paperback, A,P.J.ABDUL KALAM)",AGNIPANKH  ,book,ACTIVE,250,235,Seller,13,1,express,15,3,25,0.3,0,0,0,49011010,GST_0,IN,NONE
"Agnipankh (Marathi, Paperback, Kalam A.P.J. Abdul)","Agnipankh  (Marathi, Paperback, Kalam A.P.J. Abdul)",book,ACTIVE,299,255,Seller,19,1,express,15,3,25,0.3,0,0,0,49011010,GST_0,IN,NONE
"Agnipankh (Marathi, Paperback, unknown)","Wings Of Fire Marathi Edition  (Paperback, A. P. J. Abdul Kalam)",book,ACTIVE,240,225,Seller,18,1,express,15,3,25,0.3,0,0,0,49011010,GST_0,IN,NONE
"ALL NATURALS SET 4 BOOK (Paperback, JENNIFER LYNN BARNES)",The Naturals 4 book box,book,ACTIVE,4000,998,Seller,20,1,express,17,20,5,1.1,0,0,0,49011010,GST_0,IN,NONE
"Almond (Paperback, Won-pyung Sohn)",Almond- Paperback,book,ACTIVE,499,400,Seller,20,1,express,15,20,3,0.3,0,0,0,49011010,GST_0,IN,NONE
"Almond A Noel, English (Paperback, PyungWonSohn Lee)","Almond- Paperback, English",book,ACTIVE,1600,400,Seller,20,1,express,15,20,3,0.3,0,0,0,49011010,GST_0,IN,NONE
"Almond A Noel, English (Paperback, PyungWonSohn Lee)",Almond Novel English,book,ACTIVE,1600,400,Seller,20,1,express,15,20,3,0.3,0,0,0,49011010,GST_0,IN,NONE
"Always Remember (English, Hardcover, Mackesy Charlie)","Always Remember (English, Hardcover, Mackesy Charlie)",book,ACTIVE,1539,485,Seller,17,1,express,15,3,25,0.6,0,0,0,49011010,GST_0,IN,NONE
"Apurvai (Marathi, Paperback, P. L. Deshpande)","Apurvai (Marathi, Paperback)",book,ACTIVE,300,291,Seller,20,1,express,15,3,20,0.3,0,0,0,49011010,GST_0,IN,NONE
"Art of Living (English, Paperback, Epictetus Sharon)","Art of Living  (English, Paperback, Epictetus Sharon)",book,ACTIVE,1071,548,Seller,18,1,express,15,3,20,0.2,0,0,0,49011010,GST_0,IN,NONE
"Attitude Is Everything (English, Paperback, Keller Jeff)",Attitude Is Everything ,book,ACTIVE,499,300,Seller,20,1,express,15,3,20,0.3,0,0,0,49011010,GST_0,IN,NONE
"Audumbaravat | Eka Shoor Yoddhyachi Vilupt Kahani | Marathi (Paperback, Prem Dhande)",Audumbaravat Marathi Book,book,ACTIVE,399,330,Seller,18,1,express,15,3,20,0.3,0,0,0,49011010,GST_0,IN,NONE
"Babel (English, Paperback, Kuang R.F.)",Babel,book,ACTIVE,1410,455,Seller,20,1,express,15,3,25,0.3,0,0,0,49011010,GST_0,IN,NONE
"Babel (English, Paperback, Kuang R.F.)","Babel  (English, Paperback, Kuang R.F.)",book,ACTIVE,1211,370,Seller,19,1,express,15,3,25,0.3,0,0,0,49011010,GST_0,IN,NONE
"Babel (Paperback, R KuangF)",Babel  (Paperback),book,ACTIVE,2449,380,Seller,20,1,express,15,3,25,0.3,0,0,0,49011010,GST_0,IN,NONE
"Babel Book (Paperback, Kuang R.F.)",Babel Book,book,ACTIVE,1556,353,Seller,19,1,express,15,3,25,0.3,0,0,0,49011010,GST_0,IN,NONE
"Babel, English (Paperback, R KuangF)","Babel (English, Paperback)",book,ACTIVE,2449,336,Seller,19,1,express,15,3,25,0.3,0,0,0,49011010,GST_0,IN,NONE
"Babel, or the Necessity of Violence (Paperback, R. F. Kuang)","Babel (Paperback, R. F. Kuang)",book,ACTIVE,999,361,Seller,20,1,express,15,3,25,0.3,0,0,0,49011010,GST_0,IN,NONE
"Behave : The Biology of Humans at Our Best and Worst (Paperback, Robert M. Sapolsky)",Behave : The Biology of Humans at Our Best and Worst,book,ACTIVE,799,448,Seller,5,1,express,15,3,20,0.4,0,0,0,49011010,GST_0,IN,NONE
"Beloved (English, paperback, Morrison toni) (Paperback, Morrison toni)",Beloved ,book,ACTIVE,599,276,Seller,20,1,express,15,3,25,0.3,0,0,0,49011010,GST_0,IN,NONE
"Beloved (Paperback, Toni Morrison)","Beloved  (Paperback, Toni Morrison)",book,ACTIVE,799,238,Seller,20,1,express,15,3,25,0.3,0,0,0,49011010,GST_0,IN,NONE
"Berserk Manga Box Set (Volume: 1-11) (Paperback, Miura Kentaro)",Berserk Manga Box Set (Volume: 1-11) ,book,ACTIVE,4999,2453,Seller,20,1,express,15,3,25,0.3,0,0,0,49011010,GST_0,IN,NONE
"BEST OF INVESTMENT | (INTELLIGENT INVESTOR AND HOW TO MAKE MONEY IN STOCKS) | 2 BOOKS COMBO | INVESTMENT BOOKS | STOCK MARKET BOOKS | PAPERBACK | ENGLISH | GET BOOKMARKS (Paperback, BENJAMIN GRAHAM, WILLIAM J O'NEIL)",Intelligent Investor+How to make money in stocks,book,ACTIVE,899,648,Seller,20,1,express,15,20,3,0.7,0,0,0,49011010,GST_0,IN,NONE
"Big Panda and Tiny Dragon (English, Hardcover, Norbury James)",Big Panda and Tiny Dragon ,book,ACTIVE,1680,599,Seller,17,1,express,15,3,25,0.3,0,0,0,49011010,GST_0,IN,NONE
"Bleach Box Set (vol. 1-21) (Paperback, Kubo Tite)",Bleach Box Set 1 ,book,ACTIVE,12999,2516,Seller,19,1,express,15,3,25,2.6,0,0,0,49011010,GST_0,IN,NONE
"Blue Lock Manga Set (Volume 1-21) (Paperback, Muneyuki Kaneshiro)",Blue Lock Manga Set (Volume 1-21) ,book,ACTIVE,13999,2400,Seller,19,1,express,15,20,25,3,0,0,0,49011010,GST_0,IN,NONE
"Blue Lock, Manga Combo Set, Vol. 1-7 (English, Paperback, Kaneshiro Muneyuki) (Paperback, Kaneshiro Muneyuki)","Blue Lock, Manga Combo Set, Vol. 1-7",book,ACTIVE,3995,1291,Seller,0,1,express,15,3,20,0.3,0,0,0,49011010,GST_0,IN,NONE
"Blue Sisters: The instant top ten bestseller from the author of Cleopatra and Frankenstein eBook : Mellors, Coco: Amazon.in: Kindle Store  - Blue Sisters: The instant top ten bestseller (Paperback, NIL)",Blue Sisters,book,ACTIVE,999,297,Seller,20,1,express,15,3,25,0.3,0,0,0,49011010,GST_0,IN,NONE
"BOOK TIEF  - THE BOOK THIEF with 2 Disc (Paperback, MARKUS ZUSAK)",English - The Book Thief,book,ACTIVE,657,400,Seller,5,1,express,15,20,3,0.4,0,0,0,49011010,GST_0,IN,NONE
"BOXSET of 3 Urmila + Radha : Part 1 + Parvati (Marathi) | मोगऱ्याचे तीन सुगंध (मराठी ) (Paperback, samar)",BOXSET of 3 Urmila + Radha : Part 1 + Parvati (Marathi) ,book,ACTIVE,930,623,Seller,95,1,express,15,3,25,0.3,0,0,0,49011010,GST_0,IN,NONE
"breath (Paperback, prem rawat)",Breath,book,ACTIVE,300,286,Seller,20,1,express,15,3,25,0.3,0,0,0,49011010,GST_0,IN,NONE
"Budhbhushan (Marathi) (Hardcover, Prabhakar Takwale)","Budhbhushan (Marathi)  (Hardcover, Prabhakar Takwale)",book,ACTIVE,399,372,Seller,17,1,express,15,3,20,0.2,0,0,0,49011010,GST_0,IN,NONE
"Butcher & Blackbird (English, Paperback, Weaver Brynne)",Butcher & Blackbird  ,book,ACTIVE,2142,416,Seller,20,1,express,15,3,20,0.2,0,0,0,49011010,GST_0,IN,NONE
"Butcher & Blackbird (The Ruinous Love Trilogy, #1) by Brynne Weaver (Paperback, Brynne Weaver)",Butcher & Blackbird,book,ACTIVE,786,413,Seller,20,1,express,15,3,20,0.2,0,0,0,49011010,GST_0,IN,NONE
"Calm The Chaotic Mind (Paperback, Kunal Dudeja)",Calm The Chaotic Mind,book,ACTIVE,749,336,Seller,20,1,express,15,3,20,0.2,0,0,0,49011010,GST_0,IN,NONE
"Chhaava (English, Paperback, SAWANT SHIVAJI)","Chhaava  (English, Paperback, SAWANT SHIVAJI)",book,ACTIVE,899,577,Seller,20,1,express,15,3,25,0.3,0,0,0,49011010,GST_0,IN,NONE
"CHHAWA | CHHAAVA | CHAVA | CHHAVA | CHAAVA - SHIVAJI SAWANT CHATRAPATI SHIVAJI MAHARAJ | SAMBHAJI MAHARAJ | MARATHI EDITION LIMITED EDITION [PAPERBACK] | LIMITED TIME MOVIE POSTER EDITION (Paperback, SHIVAJI SAWANT)",Chhava By Shivaji Sawant (Marathi),book,ACTIVE,625,486,Seller,32,1,express,15,3,25,1,0,0,0,49011010,GST_0,IN,NONE
"Cleopatra and Frankenstein (English, Paperback, Mellors Coco)",Cleopatra and Frankenstein,book,ACTIVE,1083,297,Seller,20,1,express,15,3,25,0.3,0,0,0,49011010,GST_0,IN,NONE
"Cleopatra and Frankenstein (English, Paperback, Mellors Coco)",Cleopatra and Frankenstein (Paperback),book,ACTIVE,1601,682,Seller,20,1,express,15,3,25,0.3,0,0,0,49011010,GST_0,IN,NONE
"CLEOPATRA AND FRANKENSTEIN (Paperback, Coco Mellors)","CLEOPATRA AND FRANKENSTEIN  (Paperback, Coco Mellors)",book,ACTIVE,500,297,Seller,20,1,express,15,3,25,0.3,0,0,0,49011010,GST_0,IN,NONE
"Cleopatra and Frankenstein (Paperback, Coco Mellors)","Cleopatra and Frankenstein  (Paperback, Coco Mellors)",book,ACTIVE,599,300,Seller,20,1,express,15,3,25,0.3,0,0,0,49011010,GST_0,IN,NONE
"CLEOPATRA and FRANKENSTEIN+Blue Sisters (Paperback, COCO MELLORS)",CLEOPATRA and FRANKENSTEIN+Blue Sisters  (Paperback),book,ACTIVE,599,498,Seller,19,1,express,15,3,25,0.3,0,0,0,49011010,GST_0,IN,NONE
"COMBO OF 2 BEST SELLING BOOKS YOU MUST READ[ THE ALCHEMIST AND IKIGAI] (Paperback, PANLO COELHO)",Ikigai + The Alchemist,book,ACTIVE,399,380,Seller,20,1,express,15,20,3,0.4,0,0,0,49011010,GST_0,IN,NONE
"Combo of 2 book Steve Jobs and Intelligent investor  - Combo of two book investment skills with 2 Disc (Paperback, Steve Jobs, Walter Isaacson, Benjamin Graham)",Steve Jobs + The Intelligent Investor,book,ACTIVE,980,548,Seller,20,1,express,15,20,3,0.7,0,0,0,49011010,GST_0,IN,NONE
"Combo Of 4 Books: Solo Leveling Manga, (Volume- 1,2,3,4) (Paperback, Chugong)","Combo Of 4 Books: Solo Leveling Manga, (Volume- 1,2,3,4)",book,ACTIVE,2192,1244,Seller,30,1,express,15,3,20,0.5,0,0,0,49011010,GST_0,IN,NONE
"Dark Verse Series Books Collection, The Predator, The Reaper, The Emperor, The Finisher, The Annihilator, The Syndicator, RuNyx, Paperback, English (Paperback, RuNyx)",Dark Verse series 6 book,book,ACTIVE,3499,961,Seller,30,1,express,17,20,5,1,0,0,0,49011010,GST_0,IN,NONE
"Dark Verse Series Set of 5 Books The Predator + The Reaper + The Emperor + The Finisher + The Annihilator (Paperback, RuNyx)",5 Book dark verse set,book,ACTIVE,4999,900,Seller,20,1,express,15,20,5,1,0,0,0,49011010,GST_0,IN,NONE
"Dark Verse Series Set of 6 Books The Predator + The Reaper + The Emperor + The Finisher + The Annihilator + The Syndicater (English, Paperback, RuNyx) (Paperback, ruNyx) (Paperback, RuNyx)",Dark Verse series 6 book set.,book,ACTIVE,2499,961,Seller,30,1,express,17,20,5,1,0,0,0,49011010,GST_0,IN,NONE
"Dead Med (Paperback, Freida McFadden)",Dead Med,book,ACTIVE,899,300,Seller,0,1,express,15,3,25,0.3,0,0,0,49011010,GST_0,IN,NONE
"Dead Med By 
Freida McFadden (Paperback, Freida McFaddenFreida McFadden)",Dead Med By Freida McFadden,book,ACTIVE,699,286,Seller,0,1,express,15,3,25,0.3,0,0,0,49011010,GST_0,IN,NONE
"Deep Work  - RULES FOR FOCUSED SUCCESS IN A DISTRACTED WORLD (English, Paperback, Newport Cal)",Deep Work: Rules for Focused Success in a Distracted World ,book,ACTIVE,399,298,Seller,20,1,express,15,3,20,0.3,0,0,0,49011010,GST_0,IN,NONE
"Deep work (Paperback, Cal Newport)","Deep work (Paperback,Cal Newport)",book,ACTIVE,499,300,Seller,20,1,express,15,3,20,0.3,0,0,0,49011010,GST_0,IN,NONE
"DEEP WORK, rules for focused success in destracted world by CAL NEWPORT  - Book for Success in life, Deep Work. (Paperback, Cal newport)",Deep Work: rules for focused success in distracted world,book,ACTIVE,399,295,Seller,20,1,express,15,3,25,0.3,0,0,0,49011010,GST_0,IN,NONE
"Deep Work: Rules for Focused Success in a Distracted World  - Deep Work (Paperback, Cal Newport)","Deep Work (Paperback,Cal Newport)  ",book,ACTIVE,499,295,Seller,20,1,express,15,3,20,0.3,0,0,0,49011010,GST_0,IN,NONE
"Deep Work: Rules for Focused Success in a Distracted World (Paperback, Cal Newport)",Deep Work: Rules for Focused Success in a Distracted World,book,ACTIVE,299,298,Seller,19,1,express,15,3,20,0.3,0,0,0,49011010,GST_0,IN,NONE
"Deep Work: Rules for Focused Success in a Distracted World
(The Book Bridge) (Paperback, Cal Newport.)","Deep Work (Paperback, Cal Newport)  ",book,ACTIVE,599,300,Seller,20,1,express,15,3,20,0.3,0,0,0,49011010,GST_0,IN,NONE
"Dharm (Marathi) | ???? (?????) (Paperback, Samar)",Dharm ,book,ACTIVE,370,286,Seller,29,1,express,15,3,25,0.3,0,0,0,49011010,GST_0,IN,NONE
"Dog Man 13 (English, Hardcover, Pilkey Dav)",Dog Man 13,book,ACTIVE,713,573,Seller,20,1,express,15,3,25,0.3,0,0,0,49011010,GST_0,IN,NONE
"Dog Man Set of 3 Books: Dog Man, Unleashed, A Tale of Two Kitties, Dav Pilkey, Paperback, English (Paperback, Dav Pilkey)",Dog Man Set of 3 Book,book,ACTIVE,1750,863,Seller,19,1,express,15,3,25,1.2,0,0,0,49011010,GST_0,IN,NONE
"DON'T BELIEVE EVERYTHING YOU THINK +MASTER YOUR MINDSET (Paperback, JOSEPH NGUYEH, MINDSET READING)",DON'T BELIEVE EVERYTHING YOU THINK +MASTER YOUR MINDSET,book,ACTIVE,699,266,Seller,20,1,express,15,3,25,0.3,0,0,0,49011010,GST_0,IN,NONE
"DON'T BELIEVE EVERYTHING YOU THINK +MASTER YOUR MINDSET +THINK STRAIGHT +WIN YOUR INNER BATTLES + YOU BECOME WHAT YOU THINK (Paperback, JOSEPH NGUYEH, MINDSET READING, DARIUS FOROUX, DARIUS FOROUX, SHUBHAM KUMAR SINGH)",Dont believe+You became+Think straight+Master+Inner,book,ACTIVE,1299,630,Seller,20,1,express,15,20,3,0.7,0,0,0,49011010,GST_0,IN,NONE
"Don't Sweat the Small Stuff  - Simple Ways to Keep the Little Things From Taking Over Your Life (English, Paperback, Carlson Richard)",Don't Sweat the Small Stuff,book,ACTIVE,370,332,Seller,100,1,express,15,3,20,0.3,0,0,0,49011010,GST_0,IN,NONE
"DONT SWEAT THE SMALL STUFF (Paperback, Richard Carlson)",Dont sweat small stuff,book,ACTIVE,599,269,Seller,20,1,express,15,20,3,0.2,0,0,0,49011010,GST_0,IN,NONE
"Dopamine Detox : A Simple Guide to Eliminate Distractions and Train Your Brain to Do Hard Things (Paperback,Thibaut Meurisse)  - Power of Focus in Your Hands – Dopamine Detox Book in Hindi & Other Indian Languages (Paperback, Thibaut Meurisse)",Dopamine   Detox Eng,book,ACTIVE,245,239,Seller,20,1,express,15,20,3,0.2,0,0,0,49011010,GST_0,IN,NONE
"Dopamine Detox: Tumchya manaala kathin karye karanyasaathi aani adthale dur karanyas prashikshit karnaari ek sopi margdarshika (Marathi) (Paperback, Thibaut Meurisse)","Dopamine Detox (Paperback, Marathi, Thibaut Meurisse)",book,ACTIVE,245,238,Seller,1,1,express,15,3,25,0.3,0,0,0,49011010,GST_0,IN,NONE
"Dork Diaries 10 books box set (Paperback, Rachel Renee Russell)",Dork Diaries Book Set,book,ACTIVE,6249,2134,Seller,20,1,express,15,3,25,0.5,0,0,0,49011010,GST_0,IN,NONE
"Dork Diaries x 10 title Slipcase set (English, Paperback, Russell Rachel Renee)","Dork Diaries 12 books set (Paperback, English)",book,ACTIVE,2462,2029,Seller,20,1,express,15,3,25,0.5,0,0,0,49011010,GST_0,IN,NONE
"Dork Diaries x 12 2018 set (English, Mixed media product, Russell Rachel Renee)",Dork Diaries,book,ACTIVE,4224,4013,Seller,20,1,express,15,3,25,0.5,0,0,0,49011010,GST_0,IN,NONE
"Dork Diaries X 12 2018 Shrinpa (English, Paperback, Rachel Renee Russell)",Dork Diaries Set of 12,book,ACTIVE,3999,2021,Seller,20,1,express,15,3,25,0.5,0,0,0,49011010,GST_0,IN,NONE
"Dotcom Secrets (English, Electronic book text, Brunson Russell)",Dotcom Secrets: English,book,ACTIVE,3800,361,Seller,20,1,express,15,3,25,0.3,0,0,0,49011010,GST_0,IN,NONE
"Dotcom Secrets (English, Paperback, Brunson Russell)","Dotcom Secrets  (English, Paperback)",book,ACTIVE,2374,436,Seller,20,1,express,15,3,25,0.3,0,0,0,49011010,GST_0,IN,NONE
"Dotcom Secrets (English, Paperback, Brunson Russell)","Dotcom Secrets  (English, Paperback, Brunson Russell)",book,ACTIVE,1580,347,Seller,20,1,express,15,3,25,0.3,0,0,0,49011010,GST_0,IN,NONE
"DotCom Secrets (Paperback, English) (Paperback, Russell Brunson)","DotCom Secrets (Paperback, English, Russell Brunson)",book,ACTIVE,999,278,Seller,20,1,express,15,3,25,0.3,0,0,0,49011010,GST_0,IN,NONE
"DOTCOM SECRETS (Paperback, RUSSELL BRUNSON)","DOTCOM SECRETS  (Paperback, RUSSELL BRUNSON)",book,ACTIVE,1000,276,Seller,20,1,express,15,3,25,0.3,0,0,0,49011010,GST_0,IN,NONE
"Ek Bhakar Tin Chuli | Deva Zingad | New Era Publishing House | Marathi Book (Paperback, Deva Zingad)",Ek Bhakar Tin Chuli,book,ACTIVE,450,376,Seller,20,1,express,15,3,25,0.3,0,0,0,49011010,GST_0,IN,NONE
"Ek Hota Carver (Marathi, Paperback, unknown)","Ek Hota Carver  (Marathi, Paperback)",book,ACTIVE,299,276,Seller,20,1,express,15,3,25,0.3,0,0,0,49011010,GST_0,IN,NONE
"Ek Hota Carver (Marathi, Undefined, Gavankar Veena)",Ek Hota Carver  (Marathi),book,ACTIVE,327,272,Seller,50,1,express,15,3,25,0.3,0,0,0,49011010,GST_0,IN,NONE
"Elon Musk  - Tech : The Elon Musk Story (Paperback, Walter Isaacson)",Elon Musk Story,book,ACTIVE,985,333,Seller,20,1,express,15,3,20,0.3,0,0,0,49011010,GST_0,IN,NONE
Essays Of Warren Buffet 3/Ed: Lessons for Investors and Managers Revised ed by Cunningham (CUNNINGHAM),The Essays Of Warren Buffet,book,ACTIVE,999,436,Seller,0,1,express,15,3,25,0.3,0,0,0,49011010,GST_0,IN,NONE
"Famous Five: 21 Exciting Adventures! (set Of 21 Books) (Paperback, Enid Blyton)",Famous Five: 21 Exciting Adventures (set Of 21 Books),book,ACTIVE,6999,1900,Seller,20,1,express,15,3,20,2,0,0,0,49011010,GST_0,IN,NONE
"Fearful (English, Paperback, Roberts Lauren)","Fearful  (English, Paperback, Roberts Lauren)",book,ACTIVE,499,295,Seller,0,1,express,15,3,25,0.3,0,0,0,49011010,GST_0,IN,NONE
"Fire Punch, Vol. 01 & Vol. 2 & Vol. 3 & Vol. 4 & Vol. 5 & Vol. 6 & Vol. 7 & Vol. 8 (Tatsuki Fujimoto) + your name. Vol. 1 (manga) (combo) (set of 9 books) (Paperback, Makoto Shinkai)",Fire Punch your name. Vol. 1 (manga) (combo) (set of 9 books),book,ACTIVE,3999,1579,Seller,20,1,express,15,3,20,0.3,0,0,0,49011010,GST_0,IN,NONE
"Fooled by Randomness (Paperback, Nicholas Nassim Taleb)",Fooled by Randomness,book,ACTIVE,1800,300,Seller,20,1,express,15,3,20,0.3,0,0,0,49011010,GST_0,IN,NONE
"Freida McFadden 4 Books Collection Set (The Tenant, Never Lie, The Locked Door & The Coworker) (Paperback, FRIEDA MCFADDEN)",Freida McFadden 4 Books Collection Set,book,ACTIVE,1999,852,Seller,20,1,express,15,3,25,0.3,0,0,0,49011010,GST_0,IN,NONE
"Freida McFadden Thriller Series 10 Books Collection Set (The Housemaid, The Housemaid's Secret, Housemaid Is Watching, Never Lie, Coworker, Locked Door, Teacher, Inmate, The Crash and Boyfriend) (Paperback, FRIEDA MCFADDEN)",Freida McFadden Thriller Series 10 Books Collection Set,book,ACTIVE,5999,2283,Seller,50,1,express,15,10,25,1.5,0,0,0,49011010,GST_0,IN,NONE
"Gathod (Marathi, Paperback, Pu. La Deshpande)","Gathod  (Marathi, Paperback, Pu. La Deshpande)",book,ACTIVE,394,295,Seller,19,1,express,15,3,25,0.3,0,0,0,49011010,GST_0,IN,NONE
"Glow Glossary Combo Of 5 Best Selling Book (Rich Dad Bad Dad,Ikigai,Atomic Habit,Psychology Of Money And The Substle Art Of Not Giving A Fu*K) (English, Paperback, CLEAR JAMES)","Rich Dad,Ikigai,Atomic Habit,Psychology of Money,Substle Art",book,ACTIVE,2999,818,Seller,30,1,express,15,3,25,0.3,0,0,0,49011010,GST_0,IN,NONE
"God Of 3 Book Series God Of Wrath+ God Of Ruin+ God Of Pain (Paperback, Rina Kent)",God Of 3 Book Series God Of Wrath+ God Of Ruin+ God Of Pain,book,ACTIVE,1299,705,Seller,50,1,express,15,3,25,0.3,0,0,0,49011010,GST_0,IN,NONE
"God of Fury (Deluxe Edition) (English, Paperback, Kent Rina)",God of Fury ,book,ACTIVE,699,350,Seller,48,1,express,15,3,25,0.3,0,0,0,49011010,GST_0,IN,NONE
"God of Fury (English, Paperback, Kent Rina)","God of Fury (English, Paperback, Kent Rina)",book,ACTIVE,999,364,Seller,50,1,express,15,3,25,0.3,0,0,0,49011010,GST_0,IN,NONE
"God of Fury (Paperback, Rina Kent)","God of Fury  (Paperback, Rina Kent) ",book,ACTIVE,865,350,Seller,50,1,express,15,3,25,0.3,0,0,0,49011010,GST_0,IN,NONE
"GOD OF FURY (Paperback, RINA KENT)","GOD OF FURY  (Paperback, RINA KENT)",book,ACTIVE,999,353,Seller,50,1,express,15,3,25,0.3,0,0,0,49011010,GST_0,IN,NONE
"God of Fury (Paperback, Rina Kent)","God of Fury (Paperback, Rina Kent)",book,ACTIVE,499,346,Seller,50,1,express,15,3,25,0.3,0,0,0,49011010,GST_0,IN,NONE
"God of Fury, God of Wrath, God of Malice, God of Ruin, Set of 4 Books Paperback Perfect Paperback – 1 January 2024
by RINA KENT (Author) (Paperback, rina kent)","God of Fury, God of Wrath, God of Malice, God of Ruin: Set of 4",book,ACTIVE,2499,849,Seller,50,1,express,15,3,25,0.3,0,0,0,49011010,GST_0,IN,NONE
"God of Fury: Special Edition Print: 5 (Legacy of Gods Special Edition Print) (Paperback, Rina Kent)",God of Fury: Rina Kent,book,ACTIVE,499,346,Seller,50,1,express,15,3,25,0.3,0,0,0,49011010,GST_0,IN,NONE
"God of Fury: Special Edition Print: 5 (Legacy of Gods Special Edition Print) Paperback – Import, 6 December 2023
by Rina Kent (Author) (Paperback, rina kent)",God of Fury:  Rina Kent,book,ACTIVE,999,353,Seller,50,1,express,15,3,25,0.3,0,0,0,49011010,GST_0,IN,NONE
"God of Fury: Special Edition Print: 5 (Legacy of Gods Special Edition Print) Paperback – Import, 6 December 2023
by Rina Kent (Author) (Paperback, rina kent)",God of Fury by Rina Kent,book,ACTIVE,999,344,Seller,50,1,express,15,3,25,0.3,0,0,0,49011010,GST_0,IN,NONE
"God of Malice (English, Paperback, Kent Rina)",God of Malice ,book,ACTIVE,1899,357,Seller,50,1,express,15,3,25,0.3,0,0,0,49011010,GST_0,IN,NONE
"God of Malice (Paperback, Rina Kent)","God of Malice (Paperback, Rina Kent) ",book,ACTIVE,999,348,Seller,50,1,express,15,3,25,0.3,0,0,0,49011010,GST_0,IN,NONE
"GOD OF MALICE (Paperback, RINA KENT)","GOD OF MALICE  (Paperback, RINA KENT)",book,ACTIVE,999,353,Seller,50,1,express,15,3,25,0.3,0,0,0,49011010,GST_0,IN,NONE
"God of Malice (Paperback, Rina Kent)","God of Malice  (Paperback, Rina Kent)",book,ACTIVE,899,362,Seller,50,1,express,15,3,25,0.3,0,0,0,49011010,GST_0,IN,NONE
"God of Malice (Paperback, Rina Kent)","God of Malice  (Paperback, Rina Kent) ",book,ACTIVE,899,341,Seller,50,1,express,15,3,25,0.3,0,0,0,49011010,GST_0,IN,NONE
"God of Malice + God of Ruin (Paperback, Rina Kent)","God of Malice + God of Ruin  (Paperback, Rina Kent)",book,ACTIVE,999,458,Seller,50,1,express,15,3,25,0.3,0,0,0,49011010,GST_0,IN,NONE
"God Of Malice + God of War + God of Fury (Paperback, Rina Kent)",God Of Malice + God of War + God of Fury (3 Books),book,ACTIVE,999,705,Seller,50,1,express,15,3,25,0.3,0,0,0,49011010,GST_0,IN,NONE
"God of Malice: Special Edition Print: 1 (Legacy of Gods Special Edition) Paperback – Import, 14 July 2022
by Rina Kent (Author) (Paperback, Rina Kent)","God of Malice (Paperback, Rina Kent)",book,ACTIVE,899,353,Seller,50,1,express,15,3,25,0.3,0,0,0,49011010,GST_0,IN,NONE
"God of Pain (English, Paperback, Kent Rina)",God of Pain ,book,ACTIVE,999,341,Seller,20,1,express,15,3,25,0.3,0,0,0,49011010,GST_0,IN,NONE
"God of Pain (English, Paperback, Kent Rina)","God of Pain  (English, Paperback, Kent Rina)",book,ACTIVE,1185,346,Seller,50,1,express,15,3,25,0.3,0,0,0,49011010,GST_0,IN,NONE
"God of Pain (Paperback, Rina Kent)","God of Pain  (Paperback, Rina Kent)",book,ACTIVE,460,344,Seller,50,1,express,15,3,25,0.3,0,0,0,49011010,GST_0,IN,NONE
"God of Pain (Standard Edition) (English, Paperback, Kent Rina)",God of Pain,book,ACTIVE,1999,1694,Seller,50,1,express,15,3,25,2.8,0,0,0,49011010,GST_0,IN,NONE
"God of Ruin (English, Paperback, Kent Rina)",God of Ruin ,book,ACTIVE,1039,350,Seller,20,1,express,15,3,25,0.3,0,0,0,49011010,GST_0,IN,NONE
"God of Ruin (Paperback, Rina Kent)","God of Ruin  (Paperback, Rina Kent)",book,ACTIVE,599,344,Seller,50,1,express,15,3,25,0.3,0,0,0,49011010,GST_0,IN,NONE
"God of Ruin (Paperback, Rina Kent)","God of Ruin (Paperback, Rina Kent)",book,ACTIVE,499,344,Seller,50,1,express,15,3,25,0.3,0,0,0,49011010,GST_0,IN,NONE
"god of ruin book set (Paperback, RINA KENT)",Rina Kent Books Collection 6 Book set (Paperback),book,ACTIVE,4999,1778,Seller,20,1,express,15,3,25,0.5,0,0,0,49011010,GST_0,IN,NONE
"God of War (English, Paperback, Kent Rina)",God of War,book,ACTIVE,2317,346,Seller,50,1,express,15,3,25,0.3,0,0,0,49011010,GST_0,IN,NONE
"God of War (Paperback, Rina Kent)","God of War  (Paperback, Rina Kent)",book,ACTIVE,699,344,Seller,50,1,express,15,3,25,0.3,0,0,0,49011010,GST_0,IN,NONE
"God of War (Paperback, Rina Kent)","God of War (Paperback, Rina Kent)",book,ACTIVE,455,346,Seller,50,1,express,15,3,25,0.3,0,0,0,49011010,GST_0,IN,NONE
"God of War + God of Malice + God of Ruin (Paperback, Rina Kent)",God of War + God of Malice + God of Ruin,book,ACTIVE,999,658,Seller,50,1,express,15,3,25,0.3,0,0,0,49011010,GST_0,IN,NONE
"God of War ----Paperback – by RINA KENT (Paperback, RINA KENT)","God of War (Paperback, RINA KENT)",book,ACTIVE,599,442,Seller,50,1,express,15,3,25,0.3,0,0,0,49011010,GST_0,IN,NONE
"God of War: An Enemies to Lovers Marriage Romance (Legacy of Gods Book 6) (Rina Kent books) (Paperback, Rina Kent)",God of War: Rina kent,book,ACTIVE,999,373,Seller,50,1,express,15,3,25,0.3,0,0,0,49011010,GST_0,IN,NONE
"GOD OF WRATH (Paperback, Rina Kent Rina Kent)",GOD OF WRATH ,book,ACTIVE,350,274,Seller,20,1,express,15,3,25,0.3,0,0,0,49011010,GST_0,IN,NONE
"God of Wrath (Paperback, Rina Kent)","God of Wrath  (Paperback, Rina Kent)",book,ACTIVE,599,346,Seller,50,1,express,15,3,25,0.3,0,0,0,49011010,GST_0,IN,NONE
"God of wrath (Salmon, Rina)",God of Wrath by RIna Kent,book,ACTIVE,843,346,Seller,50,1,express,15,3,25,0.3,0,0,0,49011010,GST_0,IN,NONE
"god of wrath book (Paperback, RINA KENT)",Rina Kent Books Collection 6 Book set,book,ACTIVE,4000,1614,Seller,20,1,express,15,3,25,0.5,0,0,0,49011010,GST_0,IN,NONE
"GOD SERIES 6BOOKS RINA KENT (Paperback, RINA KENT)",GOD SERIES 6 BOOKS COLLECTION,book,ACTIVE,3600,1382,Seller,50,1,express,15,3,25,0.5,0,0,0,49011010,GST_0,IN,NONE
"Good Vibes, Good Life (Marathi, Paperback, King Vex)","Good Vibes, Good Life",book,ACTIVE,350,300,Seller,20,1,express,15,3,25,0.2,0,0,0,49011010,GST_0,IN,NONE
"Gunaho Ka Devta  - Gunahon Ka Devta (गुनाहों का देवता)
Novel by Dharamvir Bharati (Hindi, Paperback, unknown)",Gunaho ka Devta,book,ACTIVE,299,285,Seller,20,1,express,15,20,3,0.3,0,0,0,49011010,GST_0,IN,NONE
"Gunaho Ka Devta - Bestselling Novel Of All Time (Paperback, Dharmveer Bharti)",Gunaho ka Devta (Paperback),book,ACTIVE,999,289,Seller,20,1,express,15,20,3,0.3,0,0,0,49011010,GST_0,IN,NONE
"Gunaho Ka Devta (Hindi) (Paperback, धर्मवीर भारती)",Book (Gunaho ka Devta),book,ACTIVE,599,280,Seller,20,1,express,15,20,3,0.3,0,0,0,49011010,GST_0,IN,NONE
"Gunaho Ka Devta (Hindi, Paperback, unknown)","Gunaho ka Devta (Hindi,Paperback)",book,ACTIVE,299,280,Seller,20,1,express,15,20,3,0.3,0,0,0,49011010,GST_0,IN,NONE
"Gunaho ka devta (Paperback, Dharamvir bharti)",Gunaho ka Devta (Paperback) Hindi,book,ACTIVE,399,280,Seller,20,1,express,15,20,3,0.3,0,0,0,49011010,GST_0,IN,NONE
"Gunaho Ka Devta (Paperback, धर्मवीर भारती)",Hindi(Gunaho ka Devta),book,ACTIVE,499,278,Seller,20,1,express,15,20,3,0.3,0,0,0,49011010,GST_0,IN,NONE
"Gunaho Ka Devta (Paperback, धर्मवीर भारती)",Hindi  - gunaho ka devta,book,ACTIVE,499,280,Seller,20,1,express,15,20,3,0.3,0,0,0,49011010,GST_0,IN,NONE
"Hacking the Case Interview (English, Paperback, Warfield Taylor)",Hacking the Case Interview,book,ACTIVE,599,373,Seller,1,1,express,15,3,20,0.3,0,0,0,49011010,GST_0,IN,NONE
"Hacking the Case Interview (Paperback, Taylor Warfield)","Hacking the Case Interview (Paperback, Taylor Warfield)",book,ACTIVE,499,376,Seller,1,1,express,15,3,20,0.3,0,0,0,49011010,GST_0,IN,NONE
"Hacking the Case Interview (Paperback, Taylor Warfield)",Hacking the Case Interview (Paperback),book,ACTIVE,599,373,Seller,1,1,express,15,3,20,0.3,0,0,0,49011010,GST_0,IN,NONE
"Hacking the Case Interview (Paperback, Taylor Warfield)","Hacking the Case Interview (Paperback, Taylor Warfield) ",book,ACTIVE,599,350,Seller,1,1,express,15,3,20,0.3,0,0,0,49011010,GST_0,IN,NONE
"Heal Your Body (English, Paperback, Hay Louise L.)",Heal Your Body,book,ACTIVE,199,175,Seller,3,1,express,15,3,25,0.3,0,0,0,49011010,GST_0,IN,NONE
"Heal Your Body (Paperback, Louise Hay)","Heal Your Body  (Paperback, Louise Hay)",book,ACTIVE,359,255,Seller,30,1,express,15,3,25,0.3,0,0,0,49011010,GST_0,IN,NONE
"Heart lamp (Paperback, Banu mushtaq)",Heart lamp (Paperback),book,ACTIVE,499,332,Seller,20,1,express,15,3,20,0.3,0,0,0,49011010,GST_0,IN,NONE
"Heart lamp (Paperback, Banu mushtaq)","Heart lamp (Paperback, Banu mushtaq)",book,ACTIVE,400,200,Seller,20,1,express,154,3,20,0.3,0,0,0,49011010,GST_0,IN,NONE
"Heart Lamp (Paperback, Mushtaq Banu Dr)",Heart Lamp,book,ACTIVE,399,332,Seller,18,1,express,15,3,20,0.3,0,0,0,49011010,GST_0,IN,NONE
"HEART LAMP [SELECTED STORIES] (Paperback, BANU MUSHTAQ)",HEART LAMP (SELECTED STORIES),book,ACTIVE,499,295,Seller,20,1,express,15,3,20,0.3,0,0,0,49011010,GST_0,IN,NONE
"Heart lamp book (Paperback, Banu mushtaq)","Heart lamp book (Paperback, Banu mushtaq)",book,ACTIVE,599,295,Seller,20,1,express,15,3,20,0.3,0,0,0,49011010,GST_0,IN,NONE
"Heroes of Olympus Complete Collection 5 Books Box Set -The Lost Hero/The Son of Neptune/The Mark of Athena/The Blood of Olympus by Rick Riordan (Paperback, Riordan Rick)",Heroes of Olympus Complete Collection 5 Books Box Set,book,ACTIVE,2015,1617,Seller,0,1,express,15,3,25,2.1,0,0,0,49011010,GST_0,IN,NONE
"Hidden Hindu Bhag 1 (Edition1),the (Marathi, Paperback, unknown)",Hidden Hindu Bhag 1,book,ACTIVE,299,245,Seller,17,1,express,15,3,25,0.3,0,0,0,49011010,GST_0,IN,NONE
"Hindu (Marathi, Paperback, Nemade Bhalchandra)","Hindu  (Marathi, Paperback, Nemade Bhalchandra)",book,ACTIVE,750,423,Seller,20,1,express,15,3,25,0.3,0,0,0,49011010,GST_0,IN,NONE
"Hogwarts Library #1-3
J. K. Rowling Collection 3 Books Bundle,The Hogwarts Library Box Set (English, Book, Rowling J. K.) (Paperback, Rowling J. K.)","Hogwarts Library (Paperback, Rowling J. K.)",book,ACTIVE,1450,1347,Seller,20,1,express,15,3,25,0.3,0,0,0,49011010,GST_0,IN,NONE
"How to Get from Where You are to Where You Want to be  - The 25 Principles of Success (English, Paperback, Canfield Jack)",How to Get from Where You are to Where You Want to be ,book,ACTIVE,369,367,Seller,20,1,express,15,3,20,0.2,0,0,0,49011010,GST_0,IN,NONE
"How to Win Friends and Influence People  - The First and Still the Best Book of Its kind on Self-Help (English, Paperback, Carnegie Dale)",How to win friends and Influence people,book,ACTIVE,210,186,Seller,17,1,express,15,20,3,0.3,0,0,0,49011010,GST_0,IN,NONE
"Hunger Games 4 Book Box Set (English, Paperback, unknown)",Hunger Games 4 Book,book,ACTIVE,1999,998,Seller,20,1,express,15,20,3,0.9,0,0,0,49011010,GST_0,IN,NONE
"I Love Dork! (English, Paperback, Russell Rachel Renee)",Dork Diaries 12 books set,book,ACTIVE,4005,3097,Seller,20,1,express,15,3,25,0.5,0,0,0,49011010,GST_0,IN,NONE
"Ikigai  - Ikigai (Hindi, Paperback, Garci Hector)",Ikigai: Hindi,book,ACTIVE,299,242,Seller,50,1,express,15,3,20,0.3,0,0,0,49011010,GST_0,IN,NONE
"Ikigai & Think Like A Monk (2 Book Combo) (Paperback, JMD BOOKS)",Ikigai + Think like monk,book,ACTIVE,1499,389,Seller,20,1,express,15,20,3,0.4,0,0,0,49011010,GST_0,IN,NONE
"Ikigai (Marathi, Paperback, GarciA HeCtor)","Ikigai  (Marathi, Paperback, GarciA HeCtor)",book,ACTIVE,288,251,Seller,20,1,express,15,3,25,0.3,0,0,0,49011010,GST_0,IN,NONE
"Ikigai (इकिगाई (Hindi, Paperback, Azimi Chiyo)","Ikigai (Hindi, Paperback)",book,ACTIVE,299,233,Seller,20,1,express,15,3,25,0.3,0,0,0,49011010,GST_0,IN,NONE
"Ikigai + Eat That Frog! (2 Book Combo) (Paperback, JMD BOOKS)",Ikigai + Eat That Frong,book,ACTIVE,999,389,Seller,20,1,express,15,20,3,0.4,0,0,0,49011010,GST_0,IN,NONE
"Ikigai + Sapiens (2 Book Combo) (Paperback, JMD BOOKS)",Ikigai + Sapiens,book,ACTIVE,1599,400,Seller,20,1,express,15,20,3,0.4,0,0,0,49011010,GST_0,IN,NONE
"Ikigai + The Secret + Mans Searching For Meaning (Combo Of 3 Best Selling Book) (English) (Paperback, VICKOR E.FRANKL, Garcia Hector, Byrne Rhonda)",Ikigai+Secret+Mans Search for meaning,book,ACTIVE,999,498,Seller,20,1,express,15,20,3,0.2,0,0,0,49011010,GST_0,IN,NONE
"Ikigai + Zero To One (2 Book Combo) (Paperback, JMD BOOKS)",Ikigai + Zero to one,book,ACTIVE,1699,400,Seller,20,1,express,15,20,3,0.2,0,0,0,49011010,GST_0,IN,NONE
"Ikigai And 48 Shakti Combo (Hindi,Paper Back) (Paperback, Robert Greene)",Ikigai And 48 Shakti Combo,book,ACTIVE,799,353,Seller,50,1,express,15,3,25,0.3,0,0,0,49011010,GST_0,IN,NONE
"IKigai book in hindi language (Paperback, Francesc Miralles)",IKigai book in hindi,book,ACTIVE,499,236,Seller,0,1,express,15,3,25,0.3,0,0,0,49011010,GST_0,IN,NONE
"IKIGAI HINDI (Paperback, Francesc Miralles, Hector Garcia)",IKIGAI Hindi.,book,ACTIVE,499,233,Seller,20,1,express,15,3,25,0.3,0,0,0,49011010,GST_0,IN,NONE
"IKIGAI Hindi (Paperback, Hector García)","IKIGAI Hindi  (Paperback, Hector)",book,ACTIVE,499,194,Seller,20,1,express,15,3,25,0.3,0,0,0,49011010,GST_0,IN,NONE
"IKIGAI Hindi (Paperback, हेक्टर गार्सिया और फ्रान्सेस्क मिरालेस (Hector Garcia, Francesc Miralles))",IKIGAI Hindi ,book,ACTIVE,499,200,Seller,0,1,express,15,3,25,0.3,0,0,0,49011010,GST_0,IN,NONE
"IKIGAI Hindi (Paperback, हेक्टर गार्सिया और फ्रान्सेस्क मिरालेस (Hector GarciaFrancesc Miralles))",IKIGAI Hindi,book,ACTIVE,499,228,Seller,20,1,express,15,3,25,0.3,0,0,0,49011010,GST_0,IN,NONE
"IKIGAI Hindi (Paperback, हेक्टर गार्सिया और फ्रान्सेस्क मिरालेस (Hector GarciaFrancesc Miralles))",IKIGAI Hindi  (Paperback),book,ACTIVE,499,278,Seller,20,1,express,15,3,25,0.3,0,0,0,49011010,GST_0,IN,NONE
"IKIGAI HINDI EDITION (Paperback, Francesc Miralles, Hector Garcia)","IKIGAI HINDI (Paperback, Francesc Miralles, Hector Garcia)",book,ACTIVE,599,238,Seller,19,1,express,15,3,25,0.3,0,0,0,49011010,GST_0,IN,NONE
"IKIGAI HINDI EDITION (Paperback, Héctor García)",IKIGAI HINDI EDITION,book,ACTIVE,999,225,Seller,20,1,express,15,3,25,0.3,0,0,0,49011010,GST_0,IN,NONE
"India, that is Bharat (Paperback, J. SAI DEEPAK)","India that is Bharat  (Paperback, J. SAI DEEPAK)",book,ACTIVE,1503,473,Seller,30,1,express,15,3,25,0.3,0,0,0,49011010,GST_0,IN,NONE
"It Ends with Us + it Starts with Us (English, Paperback, Hoover Colleen)",It Ends with Us + it Starts with Us,book,ACTIVE,935,609,Seller,30,1,express,15,3,25,0.3,0,0,0,49011010,GST_0,IN,NONE
"Keep Your Brain Alive (English, Paperback, Katz Lawrence)",Keep Your Brain Alive ,book,ACTIVE,949,407,Seller,2,1,express,15,3,25,0.3,0,0,0,49011010,GST_0,IN,NONE
"Kosala (Marathi, Paperback, Namade Bhalacandra)",Kosla ,book,ACTIVE,360,294,Seller,89,1,express,15,3,25,0.3,0,0,0,49011010,GST_0,IN,NONE
"Kosla (Marathi, Paperback, Nemade Bhalchandra)","Kosla  (Marathi, Paperback, Nemade Bhalchandra)",book,ACTIVE,450,395,Seller,98,1,express,15,3,25,0.3,0,0,0,49011010,GST_0,IN,NONE
"Krishna (English, Paperback, Missal Kevin)",Krishna  ,book,ACTIVE,399,339,Seller,19,1,express,15,3,20,0.2,0,0,0,49011010,GST_0,IN,NONE
"Leather & Lark (English, Paperback, Weaver Brynne)",Leather & Lark,book,ACTIVE,1099,401,Seller,20,1,express,15,3,20,0.2,0,0,0,49011010,GST_0,IN,NONE
"Leather & Lark (Paperback, Brynne Weaver)","Leather & Lark  (Paperback, Brynne Weaver)",book,ACTIVE,799,397,Seller,20,1,express,15,3,25,0.2,0,0,0,49011010,GST_0,IN,NONE
"Legacy of Gods Series Collection 6 Books Set By Rina Kent (God of Pain, God of Fury, God of Ruin, God of War, God of Malice & God of Wrath (Paperback, Rina Kent) (Paperback, Rina Kent)",Gods Series Collection 6 Books Set,book,ACTIVE,3999,1672,Seller,50,1,express,15,3,25,0.5,0,0,0,49011010,GST_0,IN,NONE
"Legacy of Gods Series Collection 6 Books Set By Rina Kent (God of Pain, God of Fury, God of Ruin, God of War, God of Malice & God of Wrath) (Paperback, Rina Kent)",Legacy of Gods Series Collection 6 Books Set,book,ACTIVE,3599,1614,Seller,19,1,express,15,5,25,2.1,0,0,0,49011010,GST_0,IN,NONE
"Life Amazing Secret +The 48 Laws Of Power (Paperback, Hindi, Gour Gopal Das) (Paperback, Hindi, Robert Greene, Gour Gopal Das) (Paperback, Gour Gopal, Robert Greene)","Life Amazing Secret +The 48 Laws Of Power (Paperback, Hindi)",book,ACTIVE,799,355,Seller,0,1,express,15,3,25,0.3,0,0,0,49011010,GST_0,IN,NONE
"Love, Hope and Magic (English, Paperback, Bagrecha Ashish)","Love, Hope and Magic (English, Paperback, Bagrecha Ashish)",book,ACTIVE,399,281,Seller,20,1,express,15,3,25,0.3,0,0,0,49011010,GST_0,IN,NONE
"Love, Hope and Magic (English, Paperback, Bagrecha Ashish)","Love, Hope and Magic  (English, Paperback, Bagrecha Ashish)",book,ACTIVE,299,281,Seller,20,1,express,15,3,25,0.3,0,0,0,49011010,GST_0,IN,NONE
"Love, Hope and Magic (English, Paperback, Bagrecha Ashish)","Love, Hope and Magic",book,ACTIVE,309,296,Seller,20,1,express,15,3,25,0.3,0,0,0,49011010,GST_0,IN,NONE
"Mahabhartatil 108 Adbhut Rahasye (Marathi) | ??????????? ??? ?????? ?????? (?????) (Paperback, Samar)",Mahabhartatil 108 Adbhut Rahasye (Marathi),book,ACTIVE,300,286,Seller,30,1,express,15,3,25,0.3,0,0,0,49011010,GST_0,IN,NONE
"Mahamaya Nilavanti (Marathi, Paperback, Ingle Sumedhkumar)","Mahamaya Nilavanti  (Marathi, Paperback, Ingle Sumedhkumar)",book,ACTIVE,399,300,Seller,86,1,express,15,3,25,0.3,0,0,0,49011010,GST_0,IN,NONE
"MAKE YOUR BED (Paperback, WILLIAM H. McRAVEN)",MAKE YOUR BED,book,ACTIVE,440,280,Seller,19,1,express,15,3,20,0.2,0,0,0,49011010,GST_0,IN,NONE
"Manifest 7 Steps to living your best life, English (Paperback, NafousiRoxie)",Manifest 7 Steps to living your best life,book,ACTIVE,899,332,Seller,18,1,express,15,3,20,0.2,0,0,0,49011010,GST_0,IN,NONE
"Man's Search For Meaning (English, Electronic book text, Frankl Viktor E)",Mans search for meaning book,book,ACTIVE,3800,428,Seller,20,1,express,15,20,3,0.3,0,0,0,49011010,GST_0,IN,NONE
"Master Your Emotions: A Practical Guide to Overcome Negativity and Better Manage Your Feelings
Book (Paperback, Thibaut Meurisse)",Master Your Emotions,book,ACTIVE,999,330,Seller,19,1,express,15,3,20,0.2,0,0,0,49011010,GST_0,IN,NONE
"Master Your Mindset  - Master your mindest (English, Paperback, unknown)","Master Your Mindset (English, Paperback, unknown)",book,ACTIVE,209,178,Seller,20,1,express,15,3,25,0.1,0,0,15,49011010,GST_0,IN,NONE
"Master Your Mindset (Paperback, Mindset Reading)",Master Your Mindset ,book,ACTIVE,499,255,Seller,20,1,express,15,3,25,0.1,0,0,0,49011010,GST_0,IN,NONE
"Master Your Mindset (Paperback, Mindset Reading)","Master Your Mindset  (Paperback, Mindset Reading)",book,ACTIVE,350,251,Seller,20,1,express,15,3,25,0.1,0,0,0,49011010,GST_0,IN,NONE
"Master Your Mindset (Paperback, Mindset Reading)","Master Your Mindset (Paperback, Mindset Reading)",book,ACTIVE,320,261,Seller,20,1,express,15,3,25,0.1,0,0,0,49011010,GST_0,IN,NONE
"Master Your Mindset (Paperback, Mindset-Reading)","Master Your Mindset  (Paperback, Mindset-Reading)",book,ACTIVE,2200,231,Seller,20,1,express,15,3,25,0.1,0,0,0,49011010,GST_0,IN,NONE
"Master Your Mindset (Paperback, Reading Mindset)","Master Your Mindset  (Paperback, Reading Mindset)",book,ACTIVE,2200,281,Seller,20,1,express,15,3,25,0.1,0,0,0,49011010,GST_0,IN,NONE
"MASTER YOUR MINDSET + THINK STRAIGHT + YOU BECOME WHAT YOU THINK (Paperback, MINDSET READING, DARIUS FOROUX, SHUBHAM KUMAR SINGH)",Master your mindset+Think Straight+U Became what u,book,ACTIVE,899,448,Seller,20,1,express,15,20,3,0.3,0,0,0,49011010,GST_0,IN,NONE
"Master Your Mindset + You Become What You Think (Paperback, Mindset Reading, Shubham Kumar Singh)",Master your mindset+ You Became what U think,book,ACTIVE,600,350,Seller,20,1,express,15,20,3,0.3,0,0,0,49011010,GST_0,IN,NONE
"Master Your Mindset + You Become What You Think + Win Your Inner Battles (Paperback, Mindset Reading, Shubham Kumar Singh, Foroux Darius)",MDT + Win your inner battles + U became what u think,book,ACTIVE,800,498,Seller,20,1,express,15,20,3,0.3,0,0,0,49011010,GST_0,IN,NONE
"Master Your Mindset: How To Get What You Truly Deserve (English) (Paperback, Mindset Reading)",Master Your Mindset (English),book,ACTIVE,299,264,Seller,20,1,express,15,3,25,0.1,0,0,0,49011010,GST_0,IN,NONE
"Master Your Mindset: How To Get What You Truly Deserve (Paperback, Mindset Reading)",Master Your Mindset: How To Get What You Truly Deserve,book,ACTIVE,390,258,Seller,20,1,express,15,3,25,0.1,0,0,0,49011010,GST_0,IN,NONE
"Master Your Mindset: How To Get What You Truly Deserve (Paperback, Mindset Reading)",Master Your Mindset:How To Get What You Truly Deserve,book,ACTIVE,520,265,Seller,20,1,express,15,3,25,0.1,0,0,0,49011010,GST_0,IN,NONE
"MASTER YOUR MINDSET+MASTER YOUR THINKING (Paperback, Mindset Reading)",Master your mindset+Master your thinking,book,ACTIVE,599,350,Seller,20,1,express,15,20,3,0.3,0,0,0,49011010,GST_0,IN,NONE
"MASTER YOUR MINDSET+STOP OVERTHINKING (Paperback, Mindset Reading)",Master your mindset + Stop Overthing Forever,book,ACTIVE,599,370,Seller,20,1,express,15,20,3,0.3,0,0,0,49011010,GST_0,IN,NONE
"MASTER YOUR MINDSET+THE ART OF NOT OVERTHINKING (Paperback, Mindset Reading)",MASTER YOUR MINDSET+THE ART OF NOT OVERTHINKING,book,ACTIVE,499,297,Seller,50,1,express,15,3,25,0.2,0,0,0,49011010,GST_0,IN,NONE
"MASTER YOUR MINDSET+THINK STRAIGHT (Paperback, MINDSET READING, DARIUS FOROUX)",Master your mindset + Think Straight,book,ACTIVE,699,360,Seller,20,1,express,15,20,3,0.3,0,0,0,49011010,GST_0,IN,NONE
"Mindset - Updated Edition: Changing The Way You Think To Fulfil Your Potential (Paperback, Carol Dweck)","Mindset (Paperback, Carol Dweck)",book,ACTIVE,999,281,Seller,20,1,express,15,3,25,0.3,0,0,0,49011010,GST_0,IN,NONE
"Mindset (Paperback, Dweck carol s)",Mindset  ,book,ACTIVE,399,282,Seller,29,1,express,15,3,25,0.3,0,0,0,49011010,GST_0,IN,NONE
"Naruto Box Set1 Vol 1-27 Original Books (Paperback, Kishimoto Masashi)",Naruto Box Set1 Vol 1-27,book,ACTIVE,12999,3079,Seller,20,1,express,15,3,25,3.5,0,0,0,49011010,GST_0,IN,NONE
"never lie book (Paperback, freida mcfadden)",Never Lie,book,ACTIVE,1292,286,Seller,19,1,express,15,3,25,0.3,0,0,0,49011010,GST_0,IN,NONE
"No Rules Rules (English, Paperback, Hastings Reed)","No Rules Rules (English, Paperback, Hastings Reed)",book,ACTIVE,789,295,Seller,18,1,express,15,3,25,0.3,0,0,0,49011010,GST_0,IN,NONE
"Not Quite Dead Yet (Paperback, Holly Jackson)","Not Quite Dead Yet  (Paperback, Holly Jackson)",book,ACTIVE,966,345,Seller,45,1,express,15,3,25,0.3,0,0,0,49011010,GST_0,IN,NONE
"Not Quite Dead Yet (Paperback, Holly Jackson)","Not Quite Dead Yet (Paperback, Holly Jackson)",book,ACTIVE,999,297,Seller,14,1,express,15,3,25,0.3,0,0,0,49011010,GST_0,IN,NONE
"Not Quite Dead Yet: A GMA Book Club Pick (English, Paperback, Jackson Holly)",Not Quite Dead Yet,book,ACTIVE,2699,368,Seller,20,1,express,15,3,25,0.3,0,0,0,49011010,GST_0,IN,NONE
"Notes from the Underground (English, Paperback, unknown)",Notes from the Underground,book,ACTIVE,149,147,Seller,20,1,express,15,3,25,0.2,49,49,65,49011010,GST_0,IN,NONE
"On earth we we're briefly gorgeous by ocean vuong english paperback (Paperback, ocean vuong)",On earth we we're briefly gorgeous by ocean vuong,book,ACTIVE,499,274,Seller,50,1,express,15,3,25,0.3,0,0,0,49011010,GST_0,IN,NONE
"On Earth We're Briefly Gorgeous (Paperback, ocean vuong)",On Earth We're Briefly Gorgeous,book,ACTIVE,750,281,Seller,50,1,express,15,3,25,0.3,0,0,0,49011010,GST_0,IN,NONE
"Once Upon a Broken Heart ( Set Of 3)  - The Ballad Of Never After + Once Upon A Broken Heart + A Curse For True Love (Paperback, Stephanie Garber)",Once Upon a Broken Heart ( Set Of 3) ,book,ACTIVE,2449,799,Seller,20,1,express,15,3,25,0.9,0,0,0,49011010,GST_0,IN,NONE
"Once Upon a Broken Heart ( Set Of 3) (Paperback, Stephanie Garber) (Paperback, Stephanie Garber)",Once Upon a Broken Heart ( Set Of 3),book,ACTIVE,2999,789,Seller,49,1,express,15,3,25,0.9,0,0,0,49011010,GST_0,IN,NONE
"One In a Billion (English, Hardcover, Holland Sonal C.)","One In a Billion  (English, Hardcover, Holland Sonal C.)",book,ACTIVE,599,432,Seller,0,1,express,15,3,25,0.3,0,0,0,49011010,GST_0,IN,NONE
"One Piece Box Set 1: East Blue and Baroque Works (English, Paperback, Oda Eiichiro)","One Piece Box Set 1 (English, Paperback)",book,ACTIVE,14999,3935,Seller,20,1,express,15,3,25,2,0,0,0,49011010,GST_0,IN,NONE
"One Piece Box Set 1: East Blue and Baroque Works (English, Paperback, Oda Eiichiro) (Paperback, Oda Eiichiro)",One Piece Box Set 1: East Blue and Baroque Works,book,ACTIVE,14692,2795,Seller,18,1,express,25,27,14,3.57,0,0,0,49011010,GST_0,IN,NONE
"One Piece Box Set 2 : Skypiea and Water Seven Manga (Volumes 24-46 ) (Paperback, Eiichiro Oda)",One Piece Box Set 2 ,book,ACTIVE,8838,2601,Seller,30,1,express,15,3,25,2,0,0,0,49011010,GST_0,IN,NONE
"One Piece Box Set 2: Skypiea and Water Seven: Volumes 24-46 with Premium (2) (One Piece Box Sets) (Paperback, Eiichiro Oda)",One Piece Box Set 2: Skypiea and Water Seven,book,ACTIVE,12999,2590,Seller,20,1,express,15,3,25,2,0,0,0,49011010,GST_0,IN,NONE
"One Piece Box Set 3: Thriller Bark to New World: Volumes 47-70 (Paperback, Eiichiro Oda)",One Piece Box Set 3,book,ACTIVE,10000,3253,Seller,20,1,express,15,3,25,2,0,0,0,49011010,GST_0,IN,NONE
"One Piece Box Set 4: Dressrosa to Reverie (English, Paperback, Oda Eiichiro)",One Piece Box Set 4,book,ACTIVE,14141,2610,Seller,4,1,express,15,15,25,3,0,0,0,49011010,GST_0,IN,NONE
"One Piece Box Set Vol 1: Volumes 1-23 with Premium: Volume 1 (One Piece Box Sets) (Paperback, Eiichiro Oda)",One Piece Box Set Vol 1: Volumes 1-23,book,ACTIVE,12999,2798,Seller,19,1,express,15,10,25,3.5,0,0,0,49011010,GST_0,IN,NONE
"Parvati (Marathi) | पार्वती (मराठी) (Paperback, Samar)",Parvati (Marathi),book,ACTIVE,290,289,Seller,50,1,express,15,3,25,0.3,0,0,0,49011010,GST_0,IN,NONE
"pratishpchandra (Marathi, Paperback, Dr.prakash koyade)",Pratishpchandra,book,ACTIVE,410,339,Seller,19,1,express,15,3,25,0.3,0,0,0,49011010,GST_0,IN,NONE
"Quantum Theory (Paperback, Max Planck, Niels Bohr)","Quantum Theory  (Paperback, Max Planck, Niels Bohr)",book,ACTIVE,299,285,Seller,44,1,express,15,3,25,0.3,0,0,0,49011010,GST_0,IN,NONE
"Radha (Marathi, Paperback, Moghe Chinmay Kiran)","Radha  (Marathi, Paperback, Moghe Chinmay Kiran)",book,ACTIVE,290,278,Seller,49,1,express,15,3,25,0.3,0,0,0,49011010,GST_0,IN,NONE
"Radheya (Marathi, Paperback, Desai Ranjeet)","Radheya  (Marathi, Paperback, Desai Ranjeet)",book,ACTIVE,299,270,Seller,20,1,express,15,3,25,0.3,0,0,0,49011010,GST_0,IN,NONE
"Ramrajya (Hindi, Paperback, Rana Ashutosh)","Ramrajya (Hindi, Hardcover, Rana Ashutosh)",book,ACTIVE,687,500,Seller,20,1,express,15,3,25,0.7,0,0,0,49011010,GST_0,IN,NONE
"Ravan Raja Rakshsancha (Marathi, Paperback, unknown)","Ravan Raja Rakshsancha  (Marathi, Paperback, unknown)",book,ACTIVE,450,395,Seller,43,1,express,15,3,25,0.3,0,0,0,49011010,GST_0,IN,NONE
"Reckless (Paperback, Lauren Roberts)","Reckless (Paperback, Lauren Roberts)",book,ACTIVE,499,370,Seller,20,1,express,15,3,25,0.3,0,0,0,49011010,GST_0,IN,NONE
"Reckless (Paperback, Lauren Roberts)",Reckless ,book,ACTIVE,499,300,Seller,20,1,express,15,3,20,0.2,0,0,0,49011010,GST_0,IN,NONE
"Ret Ki Machhali + Gunhao Ka Devta ( 2 Best Combo Books ) (Paperback, kanta bharti + dharamveer bharti)",Ret ki machli + Gunaho ka devta,book,ACTIVE,799,351,Seller,20,1,express,15,20,3,0.4,0,0,0,49011010,GST_0,IN,NONE
"Ret ki machli (hindi) (Paperback, कांता भारती)",Ret ki machli Hindi,book,ACTIVE,399,248,Seller,20,1,express,15,20,3,0.3,0,0,0,49011010,GST_0,IN,NONE
"Ret ki machli (Paperback, कांता भारती)",Ret ki machli,book,ACTIVE,672,248,Seller,20,1,express,15,20,3,0.3,0,0,0,49011010,GST_0,IN,NONE
"Ret ki machli book (Paperback, कांता भारती)",Ret ki machli book,book,ACTIVE,599,248,Seller,20,1,express,15,20,3,0.3,0,0,0,49011010,GST_0,IN,NONE
"Rich Dad Poor Dad and Ikigai (Best Selling Combo) (Paperback, JMD BOOKS)",Ikigai + Rich Dad,book,ACTIVE,1099,400,Seller,20,1,express,15,20,3,0.4,0,0,0,49011010,GST_0,IN,NONE
"RICH DAD+SECRET MARATHI (india, Robert Kiyosaki)",Rich Dad Poor Dad + Secret Marathi ,book,ACTIVE,415,405,Seller,36,1,express,15,3,25,0.61,0,0,0,49011010,GST_0,IN,NONE
"Rich Dad's Cashflow Quadrant: Guide to Financial Freedom (Paperback, Robert T. Kiyosaki)",Rich Dad's Cashflow Quadrant: Guide to Financial Freedom,book,ACTIVE,599,298,Seller,19,1,express,15,3,20,0.2,0,0,0,49011010,GST_0,IN,NONE
"Rina Kent Books Collection, God of Malice, God of Pain, God of Wrath, God of Ruin, God of Fury, God of War, Rina Kent, Paperback, English (Paperback, Rina Kent)",Rina Kent Books Collection,book,ACTIVE,3999,1576,Seller,19,1,express,21,20,20,0.8,0,0,0,49011010,GST_0,IN,NONE
"RUIN FURY WRATH MALICE (Paperback, RINA KENT)",RUIN FURY WRATH MALICE (4 Books),book,ACTIVE,2499,1273,Seller,20,1,express,15,3,25,0.5,0,0,0,49011010,GST_0,IN,NONE
"RULES FOR SUCCESS (Paperback, CAL NEWPORT)",Deep Work: Rules for focused success,book,ACTIVE,399,295,Seller,20,1,express,15,3,25,0.3,0,0,0,49011010,GST_0,IN,NONE
"Sambhaji (Marathi, Paperback, PATIL VISHWAS)","Sambhaji  (Marathi, Paperback, PATIL VISHWAS)",book,ACTIVE,900,697,Seller,19,1,express,15,3,25,0.83,0,0,0,49011010,GST_0,IN,NONE
"Samudramanthan (Marathi) | ?????????? (?????) (Paperback, Samar)",Samudra manthan Marathi book,book,ACTIVE,250,248,Seller,30,1,express,15,3,25,0.3,0,0,0,49011010,GST_0,IN,NONE
"Scythe & Sparrow ( Paperback, English, Brynne Weaver) (Paperback, Brynne Weaver)",Scythe & Sparrow ,book,ACTIVE,799,416,Seller,20,1,express,15,3,20,0.2,0,0,0,49011010,GST_0,IN,NONE
"Scythe & Sparrow (English, Paperback, Weaver Brynne)",Scythe & Sparrow,book,ACTIVE,499,481,Seller,20,1,express,15,3,20,0.2,0,0,0,49011010,GST_0,IN,NONE
"Scythe & Sparrow (Paperback, Brynne Weaver)",Scythe & Sparrow  ,book,ACTIVE,999,419,Seller,20,1,express,15,3,20,0.2,0,0,0,49011010,GST_0,IN,NONE
"Scythe & Sparrow+ Leather & Lark + Butcher & Blackbird (Set of 3) (Shutter wheel, Brynne)",Scythe & Sparrow+ Leather & Lark + Butcher & Blackbird,book,ACTIVE,1499,900,Seller,20,1,express,15,3,25,0.3,0,0,0,49011010,GST_0,IN,NONE
"Secrets of the Millionaire Mind  - Mastering the Inner Game of Wealth (English, Paperback, Eker T. Harv)",Secrets of the million mind,book,ACTIVE,1021,298,Seller,20,1,express,15,20,3,0.3,0,0,0,49011010,GST_0,IN,NONE
"SECRETS OF THE MILLIONAIRE MIND  - Mastering the Inner Game of Wealth (Paperback, T. HARV EKER)","Secrets of the millionaire mind -English,Paperback",book,ACTIVE,407,348,Seller,20,1,express,15,20,3,0.3,0,0,0,49011010,GST_0,IN,NONE
"Shakti ke 48 niyam : The power of 48 Laws Hindi (Paperback, Robert Greene)",Shakti ke 48 niyam : The power of 48 Laws Hindi ,book,ACTIVE,799,242,Seller,20,1,express,15,3,25,0.3,0,0,0,49011010,GST_0,IN,NONE
"Shivaji the Management Guru (Marathi, Paperback, Jadhav Namdevrao)","Shivaji the Management Guru (Marathi, Paperback)",book,ACTIVE,290,277,Seller,50,1,express,15,3,20,0.2,0,0,0,49011010,GST_0,IN,NONE
"Shivnetra Bahirji | Spy of Swarajya By Bahirji Naik | Volume 1 | (Paperback, Prem Dhande)",Shivnetra Bahirji ,book,ACTIVE,399,339,Seller,13,1,express,15,3,25,0.3,0,0,0,49011010,GST_0,IN,NONE
"Shivnetra Bahirji Khand 2 (Paperback, Prem Dhande)","Shivnetra Bahirji Khand 2  (Paperback, Prem Dhande)",book,ACTIVE,449,369,Seller,50,1,express,15,3,25,0.3,0,0,0,49011010,GST_0,IN,NONE
"Shivnetra Bahirji Khand 3 | Prem Dhande | Marathi Book (Paperback, Prem Dhande)",Shivnetra Bahirji Khand 3,book,ACTIVE,499,360,Seller,50,1,express,15,3,25,0.3,0,0,0,49011010,GST_0,IN,NONE
"Shriman Yogi (Marathi, Hardcover, DESAI RANJEET)",Shriman Yogi,book,ACTIVE,675,619,Seller,49,1,express,15,5,20,1.19,0,0,0,49011010,GST_0,IN,NONE
"Solo Leveling Manga Series, Vol 1-11, 11 Collection Books Set by Chugong (box set) (Paperback, Chugong)","Solo Leveling Manga Series, Vol 1-11, 11 Collection Books",book,ACTIVE,2699,2642,Seller,30,1,express,15,3,25,0.5,0,0,0,49011010,GST_0,IN,NONE
"Solo Leveling, Vol. 1 & Vol. 2 & Vol. 3 (comic manga) (combo of 3 books) (Paperback, Chugong)","Solo Leveling, Vol. 1 & Vol. 2 & Vol. 3",book,ACTIVE,1999,581,Seller,15,1,express,18.95,17.27,5.24,0.8,0,0,0,49011010,GST_0,IN,NONE
"Solo Leveling, Vol. 1 (Paperback, DUBU)","Solo Leveling, Vol. 1  (Paperback, DUBU)",book,ACTIVE,799,554,Seller,20,1,express,15,3,25,0.2,0,0,0,49011010,GST_0,IN,NONE
"Solo Leveling, Vol. 2 (comic) (English, Paperback, Blackman Abigail)","Solo Leveling, Vol. 2 (comic)",book,ACTIVE,599,554,Seller,20,1,express,15,3,20,0.2,0,0,0,49011010,GST_0,IN,NONE
"Solo Leveling, Vol. 4 (comic)  - Solo leveling vol 4 (English, Paperback, Blackman Abigail)","Solo Leveling, Vol. 4 (comic)",book,ACTIVE,799,546,Seller,20,1,express,15,3,20,0.2,0,0,0,49011010,GST_0,IN,NONE
"The 1-Page Marketing Plan (English, Paperback, Dib Allan)",The 1-Page Marketing Plan ,book,ACTIVE,1652,701,Seller,1,1,express,15,3,20,0.2,0,0,0,49011010,GST_0,IN,NONE
"The 22 Immutable Laws Of Marketing with 2024 Disc (English, Paperback, Ries Al)",The 22 Immutable Laws Of Marketing,book,ACTIVE,499,463,Seller,20,1,express,15,3,20,0.2,0,0,0,49011010,GST_0,IN,NONE
"THE 48 LAWS OF POWER - SHAKTI KE 48 NIYAM - Hindi Edition (Paperback, Robert Greene)",THE 48 LAWS OF POWER - SHAKTI KE 48 NIYAM - Hindi,book,ACTIVE,985,280,Seller,20,1,express,15,3,25,0.3,0,0,0,49011010,GST_0,IN,NONE
"THE 48 LAWS OF POWER - SHAKTI KE 48 NIYAM - Hindi Edition (Paperback, Robert Greene)",SHAKTI KE 48 NIYAM - Hindi,book,ACTIVE,999,273,Seller,10,1,express,15,3,25,0.3,0,0,0,49011010,GST_0,IN,NONE
"The 48 Laws of Power (English, Paperback, Greene Robert)",The 48 Laws of Power,book,ACTIVE,699,286,Seller,18,1,express,15,3,52,0.3,0,0,0,49011010,GST_0,IN,NONE
"The 48 Laws Of Power (English, Paperback, Greene Robert)","The 48 Laws Of Power  (English, Paperback, Greene Robert)",book,ACTIVE,999,338,Seller,16,1,express,15,3,25,0.3,0,0,0,49011010,GST_0,IN,NONE
"THE 48 LAWS OF POWER (Paperback, Robert Greene)",THE 48 LAWS OF POWER,book,ACTIVE,2275,494,Seller,30,1,express,15,3,25,0.3,0,0,0,49011010,GST_0,IN,NONE
"THE 48 LAWS OF POWER by Robert Greene (Paperback, THE 48 LAWS OF POWER by Robert Greene INTERNATIONAL BESTSELLER NEW EDITION)",THE 48 LAWS OF POWER by Robert Greene,book,ACTIVE,499,444,Seller,20,1,express,15,3,20,0.2,0,0,0,49011010,GST_0,IN,NONE
"The 5 Types of Wealth  - The 5 Types of Wealth (Paperback, Sahil Bloom)","The 5 Types of Wealth (Paperback, Sahil Bloom)",book,ACTIVE,771,292,Seller,0,1,express,15,3,25,0.3,0,0,0,49011010,GST_0,IN,NONE
"The 5 Types Of Wealth (English, Paperback, Bloom Sahil)",The 5 Types Of Wealth ,book,ACTIVE,599,332,Seller,0,1,express,15,3,25,0.3,0,0,0,49011010,GST_0,IN,NONE
"The 5 Types Of Wealth (Paperback, Sahil Bloom)",The 5 Types Of Wealth,book,ACTIVE,649,244,Seller,0,1,express,15,3,25,0.3,0,0,0,49011010,GST_0,IN,NONE
"THE 5 TYPES OF WEALTH (Paperback, SAHIL BLOOM)",THE 5 TYPES OF WEALTH,book,ACTIVE,999,278,Seller,0,1,express,15,3,25,0.3,0,0,0,49011010,GST_0,IN,NONE
"The 5 Types of Wealth : A Transformative Guide to Design Your Dream Life (Paperback, Sahil Bloom)","The 5 Types of Wealth (Paperback, Sahil Bloom)  ",book,ACTIVE,499,251,Seller,0,1,express,15,3,25,0.3,0,0,0,49011010,GST_0,IN,NONE
"The 80/20 Principle (English, Paperback, Koch Richard)","The 80/20 Principle  (English, Paperback, Koch Richard)",book,ACTIVE,699,344,Seller,20,1,express,15,3,25,0.3,0,0,0,49011010,GST_0,IN,NONE
"THE 80/20 PRINCIPLE (Paperback, RICHARD KOCH)",THE 80/20 PRINCIPLE  (RICHARD KOCH),book,ACTIVE,999,292,Seller,20,1,express,15,3,25,0.3,0,0,0,49011010,GST_0,IN,NONE
"THE 80/20 PRINCIPLE (Paperback, RICHARD KOCH)","THE 80/20 PRINCIPLE  (Paperback, RICHARD)",book,ACTIVE,1050,250,Seller,20,1,express,15,3,25,0.3,0,0,0,49011010,GST_0,IN,NONE
"The 80/20 Principle Book (Paperback, Richard Koch)","The 80/20 Principle (Paperback, Richard Koch)",book,ACTIVE,999,281,Seller,20,1,express,15,3,25,0.3,0,0,0,49011010,GST_0,IN,NONE
"The 80/20 Principle: The Secret of Achieving More with Less (Paperback, Richard Koch)",The 80/20 Principle: The Secret of Achieving More with Less  ,book,ACTIVE,999,260,Seller,19,1,express,15,3,25,0.3,0,0,0,49011010,GST_0,IN,NONE
"THE ALCHEMIST + THE SECRET + IKIGAI (2 BOOK COMBO) (Paperback, JMD BOOKS)",The Alchemist + Ikigai + The Secret,book,ACTIVE,1699,420,Seller,20,1,express,15,20,3,0.5,0,0,0,49011010,GST_0,IN,NONE
"THE ALCHEMIST + THE SECRET +RICH DAD POOR DAD + IKIGAI (4 BOOK COMBO) (Paperback, JMD BOOKS)",Alchemist+Ikigai+Secrets +Rich Dad Poor Dad,book,ACTIVE,1799,599,Seller,20,1,express,15,20,3,0.7,0,0,0,49011010,GST_0,IN,NONE
"The Art of Not Overthinking - Believing in Yourself and Building Your Dream Life + Master Your Mindset: How To Get What You Truly Deserve (Paperback, Kapoor Shaurya, Mindset Reading)",The Art of Not Overthinking + Master Your Mindset,book,ACTIVE,660,250,Seller,20,1,express,15,3,25,0.3,0,0,0,49011010,GST_0,IN,NONE
"The Art Of Not Overthinking : Believing In Yourself And Building Your Dream Life + The Art Of Being Alone: Loneliness Was My Cage, Solitude Is My Home (Paperback, Renuka Gavrani, Shaurya Kapoor)  - The Art of Not Overthinking & Being Alone Combo (Paperback, Renuka Gavrani)",Art Of Not Overthinking + Art Of Being Alone,book,ACTIVE,799,483,Seller,30,1,express,15,3,25,0.3,0,0,0,49011010,GST_0,IN,NONE
"The art of saying no (Paperback, Damon Zahariades)","The art of saying no  (Paperback, Damon Zahariades)",book,ACTIVE,805,347,Seller,20,1,express,15,3,25,0.3,0,0,0,49011010,GST_0,IN,NONE
"The Art Of Saying No (Paperback, Demon Zahariades)","The Art Of Saying No  (Paperback, Demon Zahariades)",book,ACTIVE,499,352,Seller,20,1,express,15,3,25,0.3,0,0,0,49011010,GST_0,IN,NONE
"The Art Of War  - Sun Tzu. The art of war (Paperback, Sun Tzu)",The Art Of War,book,ACTIVE,299,291,Seller,20,1,express,15,3,20,0.2,0,0,0,49011010,GST_0,IN,NONE
"The Book Thief - Markus Zusak {Free Bookmark Inside} (Paperback, Markus Zusak)",Markus Zusak _ Book Thief,book,ACTIVE,399,398,Seller,5,1,express,15,20,3,0.4,0,0,0,49011010,GST_0,IN,NONE
"THE BOOK THIEF (Paperback, ZUSAK MARKUS)",The  book thief,book,ACTIVE,499,400,Seller,5,1,express,15,20,3,0.4,0,0,0,49011010,GST_0,IN,NONE
"The Boy, The Mole, The Fox and The Horse (English, Hardcover, Mackesy Charlie)","The Boy, The Mole, The Fox and The Horse",book,ACTIVE,899,656,Seller,19,1,express,15,3,25,0.5,0,0,0,49011010,GST_0,IN,NONE
"The Boy, The Mole, The Fox and The Horse (English, Hardcover, Mackesy Charlie)","The Boy, The Mole, The Fox and The Horse ",book,ACTIVE,1299,607,Seller,18,1,express,15,3,25,0.4,0,0,0,49011010,GST_0,IN,NONE
"The Boyfriend + The Tenant (Set of 2 Books) (Paperback, Freida McFadden)",The Boyfriend + The Tenant (Set of 2 Books),book,ACTIVE,999,442,Seller,20,1,express,15,3,25,0.3,0,0,0,49011010,GST_0,IN,NONE
"The Chronicles of Narnia Box Set (English, Book, Lewis C. S.)",The Chronicles of Narnia Box Set (Paperback),book,ACTIVE,2299,1699,Seller,0,1,express,15,3,25,1.2,0,0,0,49011010,GST_0,IN,NONE
"The Chronicles of Narnia Box Set (English, Paperback, Lewis C. S.)",The Chronicles of Narnia Box Set,book,ACTIVE,2290,751,Seller,0,1,express,15,3,25,1.2,0,0,0,49011010,GST_0,IN,NONE
"The Concise 33 Strategies of War  - War Book (English, Paperback, Greene Robert)",33 Stratergies of war (Concise),book,ACTIVE,999,338,Seller,20,1,express,15,20,3,0.3,0,0,0,49011010,GST_0,IN,NONE
"The Concise 33 Strategies of War + The Laws of Human Nature (Set of 2 Books) (Paperback, Robert Greene)",33 stratergies of war + Human nature,book,ACTIVE,1699,548,Seller,20,1,express,15,20,3,0.4,0,0,0,49011010,GST_0,IN,NONE
"The Concise 48 Laws Of Power  - The Concise 48 law of Power By Robert Greene (English, Paperback, Greene Robert)",Concise 48 Laws of power,book,ACTIVE,399,298,Seller,20,1,express,15,20,3,0.3,0,0,0,49011010,GST_0,IN,NONE
"THE CONCISE 48 LAWS OF POWER (Paperback, ROBERT GREENE)",Concise 48 Laws of power (paperback),book,ACTIVE,599,298,Seller,20,1,express,15,20,3,0.3,0,0,0,49011010,GST_0,IN,NONE
"The Concise 48 Laws Of Power with 100 Disc (English, Paperback, Greene Robert)",The Concise 48 laws of power,book,ACTIVE,999,298,Seller,20,1,express,15,20,3,0.3,0,0,0,49011010,GST_0,IN,NONE
"The Concise Art of Seduction (English, Paperback, Greene Robert)",Art of Seduction - Concise,book,ACTIVE,399,338,Seller,20,1,express,15,20,3,0.3,0,0,0,49011010,GST_0,IN,NONE
"The Concise Art of Seduction + The Concise 33 Strategies Of War + Concise Mastery (Set of 3 books) (Paperback, Robert Greene)",Robert Greene 3 book,book,ACTIVE,1599,498,Seller,20,1,express,15,20,3,0.5,0,0,0,49011010,GST_0,IN,NONE
"The Concise Laws of Human Nature (English, Paperback, Greene Robert)",Concise Human Nature,book,ACTIVE,407,350,Seller,20,1,express,15,20,3,0.3,0,0,0,49011010,GST_0,IN,NONE
"The Concise Mastery (English, Paperback, Greene Robert)",The Concise Mastery,book,ACTIVE,450,348,Seller,20,1,express,15,3,20,0.2,0,0,0,49011010,GST_0,IN,NONE
"The Coworker (English, Paperback, McFadden Freida)",The Coworker,book,ACTIVE,1900,285,Seller,20,1,express,15,3,25,0.3,0,0,0,49011010,GST_0,IN,NONE
"The Crash: The Brilliant New Psychological Thriller from BESTSELLING author of THE HOUSEMAID Paperback – 28 January 2025 (Paperback, Freida McFadden)",The Crash,book,ACTIVE,599,273,Seller,29,1,express,15,3,25,0.3,0,0,0,49011010,GST_0,IN,NONE
"The Creative Act (Paperback, Rick Rubin)",The Creative Act (Paperback),book,ACTIVE,799,358,Seller,20,1,express,15,3,20,0.3,0,0,0,49011010,GST_0,IN,NONE
"The Creative Act (Paperback, Rick Rubin)","The Creative Act (Paperback, Rick Rubin)",book,ACTIVE,599,388,Seller,20,1,express,15,3,20,0.3,0,0,0,49011010,GST_0,IN,NONE
"The Creative Act (Paperback, Rick Rubin)",The Creative Act (Paperback) ,book,ACTIVE,999,350,Seller,20,1,express,15,3,20,0.3,0,0,0,49011010,GST_0,IN,NONE
"The Defender (English, Paperback, Huang Ana)","The Defender  (English, Paperback, Huang Ana)",book,ACTIVE,999,417,Seller,20,1,express,15,3,20,0.5,0,0,0,49011010,GST_0,IN,NONE
"The Ex (Paperback, Freida McFadden)","The Ex  (Paperback, Freida McFadden)",book,ACTIVE,921,286,Seller,20,1,express,15,3,25,0.3,0,0,0,49011010,GST_0,IN,NONE
"THE EX (Paperback, FREIDA McFADDEN)",THE EX,book,ACTIVE,921,281,Seller,20,1,express,15,3,25,0.3,0,0,0,49011010,GST_0,IN,NONE
"THE EX (Paperback, FREIDA McFADDEN)","THE Ex  (Paperback, FREIDA McFADDEN)",book,ACTIVE,921,281,Seller,20,1,express,15,3,25,0.3,0,0,0,49011010,GST_0,IN,NONE
"The Hidden Hindu 1 & 2 | Akshat Gupta | Secrets Revealed | Ancient Beliefs | Mythological Tales | Intriguing Adventure | Set of 2 Marathi Books (Paperback, Akshat Gupta, Mukta Deshpande)",The Hidden Hindu 1 & 2 Marathi,book,ACTIVE,600,438,Seller,50,1,express,15,3,20,0.5,0,0,0,49011010,GST_0,IN,NONE
"The Hidden Hindu Combo (Marathi, Paperback, GUPTA AKSHAT)",The Hidden Hindu Marathi Combo of 3,book,ACTIVE,810,656,Seller,15,1,express,15,3,25,0.7,0,0,0,49011010,GST_0,IN,NONE
"The Housemaid Series 3 Books Collection (The Housemaid, The Housemaid's Secret & The Housemaid Is Watching (Paperback, FRIEDA MCFADDEN)",The Housemaid + The Housemaid Secret & The Housemaid Is Watching,book,ACTIVE,1599,611,Seller,19,1,express,19,17,6,0.8,0,0,0,49011010,GST_0,IN,NONE
"The Housemaid's Secret (English, Paperback, McFadden Freida)",The Housemaid's Secret,book,ACTIVE,850,333,Seller,20,1,express,15,3,20,0.3,0,0,0,49011010,GST_0,IN,NONE
"The Hunger Games 4 Book Paperback Box Set (English, Paperback, Collins Suzanne)",The Hunger games 4 ,book,ACTIVE,3099,998,Seller,20,1,express,15,20,3,0.8,0,0,0,49011010,GST_0,IN,NONE
"The Hunger Games Collection 4 Books Set by Suzanne Collins (Paperback, Suzanne Collins)",The Hunger games,book,ACTIVE,1899,998,Seller,20,1,express,15,20,3,0.9,0,0,0,49011010,GST_0,IN,NONE
"The Hunger Games Collection, The Hunger Games, The Hunger Games Catching Fire, The Hunger Games Mockingjay, The Ballad of Songbirds and Snakes, Suzanne Collins, Paperback, English (Paperback, Suzanne Collins)",The Hunger Games Collection,book,ACTIVE,1899,970,Seller,20,1,express,15,3,25,1.5,0,0,0,49011010,GST_0,IN,NONE
"The India Way (English, Paperback, Jaishankar S.)","The India Way  (English, Paperback, Jaishankar S.)",book,ACTIVE,499,335,Seller,10,1,express,15,3,25,0.3,0,0,0,49011010,GST_0,IN,NONE
"The India Way, English (Paperback, JaishankarS.)","The India Way, English  (Paperback, JaishankarS.)",book,ACTIVE,1600,285,Seller,20,1,express,15,3,25,0.3,0,0,0,49011010,GST_0,IN,NONE
"The India Way, English (Paperback, JaishankarS.)","The India Way (English, Paperback, JaishankarS.)",book,ACTIVE,1600,281,Seller,20,1,express,15,3,25,0.3,0,0,0,49011010,GST_0,IN,NONE
"The Intelligent Investor (English, Paperback, Graham Benjamin)",The Intelligent Investor,book,ACTIVE,1134,410,Seller,30,1,express,15,3,25,0.3,0,0,0,49011010,GST_0,IN,NONE
"The Intelligent Investor (Paperback, Graham Benjamin)",The Intelligent Investor ,book,ACTIVE,1198,500,Seller,20,1,express,15,3,20,0.5,0,0,0,49011010,GST_0,IN,NONE
"The Intelligent Investor + Atomic Habits + Deep Work + Who Will Cry When You Die + Man's Searching For Meaning (4 Book Combo) (Paperback, JMD BOOKS)",Intelligentinvestor+Deepwork+Mansseachfor+Atomic+Whollcrywhen,book,ACTIVE,1999,849,Seller,20,1,express,15,20,3,0.4,0,0,0,49011010,GST_0,IN,NONE
"The Intelligent Investor + The Psychology of The Money Combo Book Set Paperback – 31 December 2024 (Paperback, BENJAMIN, MORGAN)",The Intelligent investor+Psychology of Money,book,ACTIVE,1198,478,Seller,20,1,express,15,20,3,0.7,0,0,0,49011010,GST_0,IN,NONE
"The Laws of Human Nature (English, Paperback, Greene Robert)",The Laws of Human nature,book,ACTIVE,999,900,Seller,20,1,express,15,20,3,0.3,0,0,0,49011010,GST_0,IN,NONE
"The Laws of Human Nature (English, Paperback, Greene Robert)",The Laws of Human Nature,book,ACTIVE,901,464,Seller,20,1,express,15,3,25,0.3,0,0,0,49011010,GST_0,IN,NONE
"The Lean Startup By ERIC RIES AND ( The E myth Revisited Why Most Small Businesses Don't Work and What to Do About it by Michael E. Gerber) (Paperback, ERIC RIES)",The Lean Startup and The E myth Revisited,book,ACTIVE,599,595,Seller,19,1,express,15,3,20,0.2,0,0,0,49011010,GST_0,IN,NONE
"The Millionaire Fastlane (English, Electronic book text, DeMarco Mj)",The Millionaire Fastlane (English),book,ACTIVE,999,288,Seller,11,1,express,15,3,25,0.3,0,0,0,49011010,GST_0,IN,NONE
"The Millionaire Fastlane (English, Paperback, DeMarco MJ)","The Millionaire Fastlane  (English, Paperback)",book,ACTIVE,1578,336,Seller,18,1,express,15,3,25,0.3,0,0,0,49011010,GST_0,IN,NONE
"The Millionaire Fastlane (Paperback, Demarco M.J.)","The Millionaire Fastlane  (Paperback, Demarco M.J.)",book,ACTIVE,459,281,Seller,20,1,express,15,3,25,0.3,0,0,0,49011010,GST_0,IN,NONE
"The Millionaire Fastlane (Paperback, MJ DeMarco)","The Millionaire Fastlane  (Paperback, MJ DeMarco)",book,ACTIVE,599,280,Seller,20,1,express,15,3,25,0.3,0,0,0,49011010,GST_0,IN,NONE
"The Millionaire Fastlane: Crack The Code To Wealth And Live Rich For A Lifetime (Paperback, M. J. DeMarco)","The Millionaire Fastlane (Paperback, M. J. DeMarco)",book,ACTIVE,999,280,Seller,20,1,express,15,3,25,0.3,0,0,0,49011010,GST_0,IN,NONE
"The Naturals Paperback Boxed Set (English, Paperback, Barnes Jennifer Lynn)",The Naturals boxed,book,ACTIVE,4176,998,Seller,20,1,express,17,20,5,1.1,0,0,0,49011010,GST_0,IN,NONE
"The Outsiders (English, Hardcover, Thorndike William N)",The Outsiders ,book,ACTIVE,3759,461,Seller,0,1,instock,15,3,25,0.3,0,0,0,49011010,GST_0,IN,NONE
"The Outsiders (English, Hardcover, Thorndike William N.)","The Outsiders  (English, Hardcover, Thorndike William N.)",book,ACTIVE,1399,1222,Seller,0,1,express,15,3,20,0.3,0,0,0,49011010,GST_0,IN,NONE
"The Outsiders (Hardcover, WILLIAM N THORNDIKE)","The Outsiders  (Paperback, WILLIAM THORNDIKE)",book,ACTIVE,499,428,Seller,0,1,express,15,3,25,0.3,0,0,0,49011010,GST_0,IN,NONE
"The Outsiders (Hardcover, WILLIAM N THORNDIKE)",The Outsiders,book,ACTIVE,499,455,Seller,0,1,express,15,3,25,0.3,0,0,0,49011010,GST_0,IN,NONE
"The Outsiders (Paperback, WILLIAM N THORNDIKE)","The Outsiders  (Paperback, WILLIAM N THORNDIKE)",book,ACTIVE,499,432,Seller,0,1,express,15,3,25,0.3,0,0,0,49011010,GST_0,IN,NONE
"The Outsiders (Paperback, William Thorndike)",The Outsiders  (Paperback),book,ACTIVE,499,432,Seller,0,1,express,15,3,25,0.3,0,0,0,49011010,GST_0,IN,NONE
"The Outsiders By 
Thorndike William N. (Paperback, Thorndike William N.)",The Outsiders By Thorndike William N.,book,ACTIVE,1199,383,Seller,0,1,express,15,3,25,0.3,0,0,0,49011010,GST_0,IN,NONE
"The Perfect Son (English, Paperback, McFadden Freida)","The Perfect Son (English, Paperback, McFadden Freida)",book,ACTIVE,399,300,Seller,20,1,express,15,3,20,0.3,0,0,0,49011010,GST_0,IN,NONE
"The Perfect Son (Paperback, Freida McFadden)","The Perfect Son (Paperback, Freida McFadden) ",book,ACTIVE,599,332,Seller,20,1,express,15,3,20,0.2,0,0,0,49011010,GST_0,IN,NONE
"The Perfect Son (Paperback, Freida McFadden)","The Perfect Son (Paperback, Freida McFadden )",book,ACTIVE,699,330,Seller,20,1,express,15,3,20,0.3,0,0,0,49011010,GST_0,IN,NONE
"The Perfect Son (Paperback, Freida McFadden)",The Perfect Son  ,book,ACTIVE,999,295,Seller,20,1,express,15,3,20,0.3,0,0,0,49011010,GST_0,IN,NONE
"The Perfect Son (Paperback, Freida McFadden)",The Perfect Son ,book,ACTIVE,499,300,Seller,20,1,express,15,3,20,0.2,0,0,0,49011010,GST_0,IN,NONE
"THE PERFECT SON (Paperback, FRIEDA MCFADDEN)",THE PERFECT SON: FRIEDA MCFADDEN,book,ACTIVE,749,330,Seller,20,1,express,15,3,20,0.3,0,0,0,49011010,GST_0,IN,NONE
"The Real Warren Buffett (English, Paperback, O'Loughlin James)",The Real Warren Buffett,book,ACTIVE,497,428,Seller,20,1,express,15,3,25,0.3,0,0,0,49011010,GST_0,IN,NONE
"The Robert Greene Concise Collection - The Concise 48 Laws of Power / The Concise Art of Seduction / The Concise 33 Strategies of War (Set of 3 Books) (English, Boxed Set, Robert Greene)",The Robert Greene Concise Collection,book,ACTIVE,875,497,Seller,18,1,express,15,3,25,0.3,0,0,0,49011010,GST_0,IN,NONE
"The Ruinous Love Trilogy By Brynne Weaver 3 books Collection Set (Butcher and Blackbird, Leather and Lark & Scythe and Sparrow) (Paperback, Brynne Weaver)",Brynne Weaver 3 books Collection Set,book,ACTIVE,3799,3032,Seller,20,1,express,15,3,20,0.2,0,0,0,49011010,GST_0,IN,NONE
"The Secret of Secrets (English, Paperback, Brown Dan)",The Secret of Secrets ,book,ACTIVE,1499,495,Seller,16,1,express,15,3,20,0.8,0,0,0,49011010,GST_0,IN,NONE
"The Silent Patient  - table of contents (English, Paperback, Michaelides Alex)",The Silent Patient,book,ACTIVE,399,364,Seller,20,1,express,15,3,20,0.3,0,0,0,49011010,GST_0,IN,NONE
"The Silent Patient (English, Paperback, Michaelides Alex)","The Silent Patient (English, Paperback, Michaelides Alex)",book,ACTIVE,999,333,Seller,20,1,express,15,3,20,0.2,0,0,0,49011010,GST_0,IN,NONE
"The Silent Patient (English, Paperback, Michaelides Alex)","The Silent Patient (Paperback, Alex Michaelides)",book,ACTIVE,999,297,Seller,20,1,express,15,3,20,0.2,0,0,0,49011010,GST_0,IN,NONE
"The Silent Patient (Paperback, Alex Michaelides)",Silent Patient  ,book,ACTIVE,399,333,Seller,20,1,express,15,3,20,0.3,0,0,0,49011010,GST_0,IN,NONE
"The Silent Patient (Paperback, Alex Michaelides) (Paperback, Alex Michaelides)",The Silent Patient ,book,ACTIVE,999,360,Seller,20,1,express,15,3,20,0.2,0,0,0,49011010,GST_0,IN,NONE
"The Silent Patient And The Secret Combo Of 2 Books (Paperback, Rhonda Byrne, Alex Michaelides)",The Silent Patient And The Secret,book,ACTIVE,999,405,Seller,20,1,express,15,3,20,0.5,0,0,0,49011010,GST_0,IN,NONE
"The Silva Mind Control Method  - The Silva Mind Control Method (English, Paperback, Silva Jose)",The Silva Mind Control Method,book,ACTIVE,399,378,Seller,20,1,express,15,3,20,0.2,0,0,0,49011010,GST_0,IN,NONE
"The Subtle Art of Not Giving a F*Ck  - Embracing what matters: a guide to letting go (English, Paperback, unknown)",The Subtle Art of Not Giving a F*,book,ACTIVE,399,333,Seller,19,1,express,15,3,20,0.3,0,0,0,49011010,GST_0,IN,NONE
"The Tatas (English, Paperback, Kuber Girish)","The Tatas  (English, Paperback, Kuber Girish)",book,ACTIVE,499,398,Seller,20,1,express,15,3,20,0.2,0,0,0,49011010,GST_0,IN,NONE
"the tenant - freida mcfadden (Paperback, freida mcfadden)",The Tenant,book,ACTIVE,499,286,Seller,18,1,express,15,3,25,0.3,0,0,0,49011010,GST_0,IN,NONE
"The Top Five Regrets of the Dying (Paperback, BRONNIE WARE)",The Top Five Regrets of the Dying  ,book,ACTIVE,399,351,Seller,20,1,express,15,3,20,0.2,0,0,0,49011010,GST_0,IN,NONE
"The Wife Upstairs (Paperback, Freida Mcfadden)",The Wife Upstairs,book,ACTIVE,999,333,Seller,19,1,express,15,3,20,0.3,0,0,0,49011010,GST_0,IN,NONE
"Thea Stilton Box Set (Books 21 to 30) (English, Paperback, unknown)",Thea Stilton Box Set (Books 21 to 30),book,ACTIVE,3407,2193,Seller,20,1,express,15,3,25,0.5,0,0,0,49011010,GST_0,IN,NONE
"THRONE OF GLASS 8 BOOK SET (Paperback, SARAH J.MAAS)",THRONE OF GLASS 8 BOOK SET,book,ACTIVE,8500,2232,Seller,0,1,express,23,24,12,2.1,0,0,0,49011010,GST_0,IN,NONE
"Throne of Glass Box Set (Set of 8 books) (Paperback, Sarah J. Maas)",Throne of Glass Box Set ,book,ACTIVE,9541,2678,Seller,0,1,express,15,3,25,0.3,0,0,0,49011010,GST_0,IN,NONE
"Totto Chan: The Little Girl at the Window (English, Paperback, Kuroyanagi Tetsuko)",Totto Chan: The Little Girl at the Window,book,ACTIVE,950,550,Seller,20,1,express,15,3,20,0.2,0,0,0,49011010,GST_0,IN,NONE
"Totto-Chan (English, Paperback, Kuroyanagi Tetsuko)","Totto-Chan (English, Paperback)",book,ACTIVE,3699,380,Seller,20,1,express,15,3,20,0.2,0,0,0,49011010,GST_0,IN,NONE
"Totto-Chan (Paperback, Tetsuko Kuroyanagi)","Totto-Chan (Paperback, Tetsuko Kuroyanagi) ",book,ACTIVE,599,300,Seller,20,1,express,15,3,20,0.2,0,0,0,49011010,GST_0,IN,NONE
"Totto-Chan (Paperback, Tetsuko Kuroyanagi)","Totto-Chan (Paperback, Tetsuko Kuroyanagi)",book,ACTIVE,999,300,Seller,20,1,express,15,3,20,0.2,0,0,0,49011010,GST_0,IN,NONE
"Totto-Chan (Paperback, Tetsuko Kuroyanagi)",Totto-Chan,book,ACTIVE,599,291,Seller,20,1,express,15,3,20,0.3,0,0,0,49011010,GST_0,IN,NONE
"Tuesdays With Morrie (English, Paperback, Albom Mitch)",Tuesdays With Morrie,book,ACTIVE,299,295,Seller,20,1,express,15,3,20,0.3,0,0,0,49011010,GST_0,IN,NONE
"Urmila (Paperback, Samar)","Urmila  (Paperback, Marathi, Samar)",book,ACTIVE,350,300,Seller,46,1,express,15,3,25,0.3,0,0,0,49011010,GST_0,IN,NONE
"Vapurza (Marathi, Paperback, Kale V.P.)",Vapurza Marathi,book,ACTIVE,299,280,Seller,20,1,express,15,3,20,0.3,0,0,0,49011010,GST_0,IN,NONE
"WARD D (Paperback, FRIEDA MCFADDEN)",Ward D,book,ACTIVE,999,350,Seller,19,1,express,15,20,3,0.3,0,0,0,49011010,GST_0,IN,NONE
"WARD D (Paperback, SARAH J.MAAS)",Ward D Eng,book,ACTIVE,899,298,Seller,20,1,express,15,20,3,0.3,0,0,0,49011010,GST_0,IN,NONE
"Ward D A Taut Psychological Thriller (Paperback, Freida McFadden)",Ward D - Eng,book,ACTIVE,699,351,Seller,20,1,express,15,20,3,0.3,0,0,0,49011010,GST_0,IN,NONE
"Warriors of Kurukshetra ( 4 books set ) (English, BOX Set, Sheth Tripti, Bhatt Mamta)",Warriors of Kurukshetra ( 4 books set ),book,ACTIVE,999,751,Seller,3,1,express,15,3,25,1,0,0,0,49011010,GST_0,IN,NONE
"Welcome to the Hyunam-dong Bookshop (Paperback, Bo-reum Hwang)",Welcome to the Hyunam-dong Bookshop,book,ACTIVE,499,281,Seller,10,1,express,15,3,25,0.3,0,0,0,49011010,GST_0,IN,NONE
"Welcome to the Hyunam-Dong Bookshop (Paperback, Hwang bo reum)","Welcome to the Hyunam-Dong Bookshop  (Paperback, Hwang bo reum)",book,ACTIVE,799,286,Seller,10,1,express,15,3,25,0.3,0,0,0,49011010,GST_0,IN,NONE
"Welcome to the Hyunam-Dong Bookshop (Paperback, Hwang Bo-reum)",Welcome to the Hyunam-Dong Bookshop  (Paperback),book,ACTIVE,899,286,Seller,10,1,express,15,3,25,0.3,0,0,0,49011010,GST_0,IN,NONE
"Welcome to the Hyunam-Dong Bookshop (Paperback, Hwang Bo-reum)","Welcome to the Hyunam-Dong Bookshop  (Paperback, Hwang Bo-reum)",book,ACTIVE,799,281,Seller,10,1,express,15,3,25,0.3,0,0,0,49011010,GST_0,IN,NONE
"Welcome to the Hyunam-dong Bookshop: A Novel (Paperback, Hwang Bo-Reum)","Welcome to the Hyunam-dong Bookshop (English, Paperback)",book,ACTIVE,499,280,Seller,9,1,express,15,3,25,0.3,0,0,0,49011010,GST_0,IN,NONE
"Why Nations Fail (Paperback, Daron Acemoglu)","Why Nations Fail  (Paperback, Daron Acemoglu)",book,ACTIVE,599,361,Seller,19,1,express,15,3,20,0.2,0,0,0,49011010,GST_0,IN,NONE
"Winning with AI: 50 Ways Leaders Use ChatGPT & Copilot to Succeed at Work-Life Case Studies from Business Leaders Across 23 Countries (Paperback, Sandeep Kaul)",Winning with AI,book,ACTIVE,449,426,Seller,0,1,express,15,3,20,0.2,0,0,0,49011010,GST_0,IN,NONE
"You Become What You Think - You Become What You Think + Master Your Mindset: How To Get What You Truly Deserve (Paperback, Shubham Kumar Singh, Mindset Reading)",You Became what U think+Master your mindset,book,ACTIVE,699,300,Seller,20,1,express,15,20,3,0.3,0,0,0,49011010,GST_0,IN,NONE
"you only live once (Paperback, Stuti Changle)","You only live once  (Paperback, Stuti Changle)",book,ACTIVE,677,281,Seller,20,1,express,15,3,25,0.3,0,0,0,49011010,GST_0,IN,NONE
"Your Next Five Moves (English, Hardcover, Bet-David Patrick)",Your Next Five Moves English,book,ACTIVE,2519,335,Seller,17,1,express,15,3,25,0.3,0,0,0,49011010,GST_0,IN,NONE
"Your Next Five Moves (English, Paperback, unknown)",Your Next Five Moves,book,ACTIVE,601,378,Seller,19,1,express,15,3,25,0.3,0,0,0,49011010,GST_0,IN,NONE
"Your Next Five Moves (Paperback, Patrick Bet-David)","Your Next Five Moves  (Paperback, Patrick Bet-David)",book,ACTIVE,699,347,Seller,20,1,express,15,3,25,0.3,0,0,0,49011010,GST_0,IN,NONE
"You've Reached Sam (English, Paperback, Thao Dustin)",You Have Reached Sam,book,ACTIVE,599,281,Seller,20,1,express,15,3,25,0.3,0,0,0,49011010,GST_0,IN,NONE
"Zero Limits & Hacking the Case Interview (Paperback, Vitale Joe, Taylor Warfield)",Zero Limits + Hacking the Case Interview,book,ACTIVE,1199,380,Seller,1,1,express,15,3,20,0.4,0,0,0,49011010,GST_0,IN,NONE